Workbook
Name sds: Tabular!$A$124:$D$124
Name ESFK: Tabular!$A$1:$C$1
Name skj: FacultyList!$A$1
Name twhrm: Tabular!$A$2

Sheet Tabular
A1: IF YOU FIND ANY MISMATCH, FOLLOW CONNECT.
A2: =IFERROR(__xludf.DUMMYFUNCTION("QUERY(IMPORTRANGE(Links!B7,""Theory_Distribute_Release!B:V""),""SELECT Col1, Col14, Col15, Col16, Col3, Col4, Col5, Col6, Col7, Col8, Col9 WHERE Col1 IS NOT NULL"",0)"),"Course") -> Course | B2: =IFERROR(__xludf.DUMMYFUNCTION("""COMPUTED_VALUE"""),"Theory Equivalent") -> Theory Equivalent | C2: =IFERROR(__xludf.DUMMYFUNCTION("""COMPUTED_VALUE"""),"Lab Equivalent") -> Lab Equivalent | D2: =IFERROR(__xludf.DUMMYFUNCTION("""COMPUTED_VALUE"""),"Theory Initial") -> Theory Initial | E2: =IFERROR(__xludf.DUMMYFUNCTION("""COMPUTED_VALUE"""),"Theory Day") -> Theory Day | F2: =IFERROR(__xludf.DUMMYFUNCTION("""COMPUTED_VALUE"""),"Theory Time (1hr 20min)") -> Theory Time (1hr 20min) | G2: =IFERROR(__xludf.DUMMYFUNCTION("""COMPUTED_VALUE"""),"Theory Room") -> Theory Room | H2: =IFERROR(__xludf.DUMMYFUNCTION("""COMPUTED_VALUE"""),"Lab Faculty") -> Lab Faculty | I2: =IFERROR(__xludf.DUMMYFUNCTION("""COMPUTED_VALUE"""),"Lab Day") -> Lab Day | J2: =IFERROR(__xludf.DUMMYFUNCTION("""COMPUTED_VALUE"""),"Lab Time (3hr)") -> Lab Time (3hr) | K2: =IFERROR(__xludf.DUMMYFUNCTION("""COMPUTED_VALUE"""),"Lab Room") -> Lab Room
A3: =IFERROR(__xludf.DUMMYFUNCTION("""COMPUTED_VALUE"""),"CSE101-01") -> CSE101-01 | D3: =IFERROR(__xludf.DUMMYFUNCTION("""COMPUTED_VALUE"""),"NZRF") -> NZRF | E3: =IFERROR(__xludf.DUMMYFUNCTION("""COMPUTED_VALUE"""),"MON+WED") -> MON+WED | F3: =IFERROR(__xludf.DUMMYFUNCTION("""COMPUTED_VALUE"""),"2:00 PM") -> 2:00 PM | G3: =IFERROR(__xludf.DUMMYFUNCTION("""COMPUTED_VALUE"""),"10B-13C") -> 10B-13C | H3: =IFERROR(__xludf.DUMMYFUNCTION("""COMPUTED_VALUE"""),"SBHN,CESF") -> SBHN,CESF | I3: =IFERROR(__xludf.DUMMYFUNCTION("""COMPUTED_VALUE"""),"SUN") -> SUN | J3: =IFERROR(__xludf.DUMMYFUNCTION("""COMPUTED_VALUE"""),"11:00 AM") -> 11:00 AM | K3: =IFERROR(__xludf.DUMMYFUNCTION("""COMPUTED_VALUE"""),"FT11-04L") -> FT11-04L | M3: =IFERROR(VLOOKUP(D3,FacultyList!B:G,6,FALSE),"") -> niaz.ashraf@bracu.ac.bd
A4: =IFERROR(__xludf.DUMMYFUNCTION("""COMPUTED_VALUE"""),"CSE101-02") -> CSE101-02 | D4: =IFERROR(__xludf.DUMMYFUNCTION("""COMPUTED_VALUE"""),"RBR") -> RBR | E4: =IFERROR(__xludf.DUMMYFUNCTION("""COMPUTED_VALUE"""),"MON+WED") -> MON+WED | F4: =IFERROR(__xludf.DUMMYFUNCTION("""COMPUTED_VALUE"""),"11:00 AM") -> 11:00 AM | G4: =IFERROR(__xludf.DUMMYFUNCTION("""COMPUTED_VALUE"""),"09D-17C") -> 09D-17C | H4: =IFERROR(__xludf.DUMMYFUNCTION("""COMPUTED_VALUE"""),"CESF,AQJ") -> CESF,AQJ | I4: =IFERROR(__xludf.DUMMYFUNCTION("""COMPUTED_VALUE"""),"TUE") -> TUE | J4: =IFERROR(__xludf.DUMMYFUNCTION("""COMPUTED_VALUE"""),"11:00 AM") -> 11:00 AM | K4: =IFERROR(__xludf.DUMMYFUNCTION("""COMPUTED_VALUE"""),"FT11-03L") -> FT11-03L | M4: =IFERROR(VLOOKUP(D4,FacultyList!B:G,6,FALSE),"") -> rakin.rabbani@bracu.ac.bd
A5: =IFERROR(__xludf.DUMMYFUNCTION("""COMPUTED_VALUE"""),"CSE101-03") -> CSE101-03 | D5: =IFERROR(__xludf.DUMMYFUNCTION("""COMPUTED_VALUE"""),"RBR") -> RBR | E5: =IFERROR(__xludf.DUMMYFUNCTION("""COMPUTED_VALUE"""),"MON+WED") -> MON+WED | F5: =IFERROR(__xludf.DUMMYFUNCTION("""COMPUTED_VALUE"""),"12:30 PM") -> 12:30 PM | G5: =IFERROR(__xludf.DUMMYFUNCTION("""COMPUTED_VALUE"""),"09D-17C") -> 09D-17C | H5: =IFERROR(__xludf.DUMMYFUNCTION("""COMPUTED_VALUE"""),"SLAR,CQAE") -> SLAR,CQAE | I5: =IFERROR(__xludf.DUMMYFUNCTION("""COMPUTED_VALUE"""),"THU") -> THU | J5: =IFERROR(__xludf.DUMMYFUNCTION("""COMPUTED_VALUE"""),"2:00 PM") -> 2:00 PM | K5: =IFERROR(__xludf.DUMMYFUNCTION("""COMPUTED_VALUE"""),"FT11-04L") -> FT11-04L | M5: =IFERROR(VLOOKUP(D5,FacultyList!B:G,6,FALSE),"") -> rakin.rabbani@bracu.ac.bd
A6: =IFERROR(__xludf.DUMMYFUNCTION("""COMPUTED_VALUE"""),"CSE101-04") -> CSE101-04 | D6: =IFERROR(__xludf.DUMMYFUNCTION("""COMPUTED_VALUE"""),"SBHN") -> SBHN | E6: =IFERROR(__xludf.DUMMYFUNCTION("""COMPUTED_VALUE"""),"SUN+TUE") -> SUN+TUE | F6: =IFERROR(__xludf.DUMMYFUNCTION("""COMPUTED_VALUE"""),"2:00 PM") -> 2:00 PM | G6: =IFERROR(__xludf.DUMMYFUNCTION("""COMPUTED_VALUE"""),"09H-35C") -> 09H-35C | H6: =IFERROR(__xludf.DUMMYFUNCTION("""COMPUTED_VALUE"""),"RBR,TRZA") -> RBR,TRZA | I6: =IFERROR(__xludf.DUMMYFUNCTION("""COMPUTED_VALUE"""),"MON") -> MON | J6: =IFERROR(__xludf.DUMMYFUNCTION("""COMPUTED_VALUE"""),"2:00 PM") -> 2:00 PM | K6: =IFERROR(__xludf.DUMMYFUNCTION("""COMPUTED_VALUE"""),"FT11-04L") -> FT11-04L | M6: =IFERROR(VLOOKUP(D6,FacultyList!B:G,6,FALSE),"") -> sabbir.hossain@bracu.ac.bd
A7: =IFERROR(__xludf.DUMMYFUNCTION("""COMPUTED_VALUE"""),"CSE101-05") -> CSE101-05 | D7: =IFERROR(__xludf.DUMMYFUNCTION("""COMPUTED_VALUE"""),"SBHN") -> SBHN | E7: =IFERROR(__xludf.DUMMYFUNCTION("""COMPUTED_VALUE"""),"SUN+TUE") -> SUN+TUE | F7: =IFERROR(__xludf.DUMMYFUNCTION("""COMPUTED_VALUE"""),"3:30 PM") -> 3:30 PM | G7: =IFERROR(__xludf.DUMMYFUNCTION("""COMPUTED_VALUE"""),"09H-35C") -> 09H-35C | H7: =IFERROR(__xludf.DUMMYFUNCTION("""COMPUTED_VALUE"""),"SBHN,SLAR") -> SBHN,SLAR | I7: =IFERROR(__xludf.DUMMYFUNCTION("""COMPUTED_VALUE"""),"WED") -> WED | J7: =IFERROR(__xludf.DUMMYFUNCTION("""COMPUTED_VALUE"""),"11:00 AM") -> 11:00 AM | K7: =IFERROR(__xludf.DUMMYFUNCTION("""COMPUTED_VALUE"""),"FT11-04L") -> FT11-04L | M7: =IFERROR(VLOOKUP(D7,FacultyList!B:G,6,FALSE),"") -> sabbir.hossain@bracu.ac.bd
A8: =IFERROR(__xludf.DUMMYFUNCTION("""COMPUTED_VALUE"""),"CSE101-06") -> CSE101-06 | D8: =IFERROR(__xludf.DUMMYFUNCTION("""COMPUTED_VALUE"""),"SBHN") -> SBHN | E8: =IFERROR(__xludf.DUMMYFUNCTION("""COMPUTED_VALUE"""),"MON+WED") -> MON+WED | F8: =IFERROR(__xludf.DUMMYFUNCTION("""COMPUTED_VALUE"""),"2:00 PM") -> 2:00 PM | G8: =IFERROR(__xludf.DUMMYFUNCTION("""COMPUTED_VALUE"""),"09D-17C") -> 09D-17C | H8: =IFERROR(__xludf.DUMMYFUNCTION("""COMPUTED_VALUE"""),"SLAR,CQAE") -> SLAR,CQAE | I8: =IFERROR(__xludf.DUMMYFUNCTION("""COMPUTED_VALUE"""),"SAT") -> SAT | J8: =IFERROR(__xludf.DUMMYFUNCTION("""COMPUTED_VALUE"""),"8:00 AM") -> 8:00 AM | K8: =IFERROR(__xludf.DUMMYFUNCTION("""COMPUTED_VALUE"""),"FT11-03L") -> FT11-03L | M8: =IFERROR(VLOOKUP(D8,FacultyList!B:G,6,FALSE),"") -> sabbir.hossain@bracu.ac.bd
A9: =IFERROR(__xludf.DUMMYFUNCTION("""COMPUTED_VALUE"""),"CSE103-01") -> CSE103-01 | D9: =IFERROR(__xludf.DUMMYFUNCTION("""COMPUTED_VALUE"""),"XXX") -> XXX | E9: =IFERROR(__xludf.DUMMYFUNCTION("""COMPUTED_VALUE"""),"XXX") -> XXX | F9: =IFERROR(__xludf.DUMMYFUNCTION("""COMPUTED_VALUE"""),"11:00 AM") -> 11:00 AM | G9: =IFERROR(__xludf.DUMMYFUNCTION("""COMPUTED_VALUE"""),"XXX") -> XXX | H9: =IFERROR(__xludf.DUMMYFUNCTION("""COMPUTED_VALUE"""),"FDM,SLAR") -> FDM,SLAR | I9: =IFERROR(__xludf.DUMMYFUNCTION("""COMPUTED_VALUE"""),"SAT") -> SAT | J9: =IFERROR(__xludf.DUMMYFUNCTION("""COMPUTED_VALUE"""),"2:00 PM") -> 2:00 PM | K9: =IFERROR(__xludf.DUMMYFUNCTION("""COMPUTED_VALUE"""),"11B-20L") -> 11B-20L | M9: =IFERROR(VLOOKUP(D9,FacultyList!B:G,6,FALSE),"")
A10: =IFERROR(__xludf.DUMMYFUNCTION("""COMPUTED_VALUE"""),"CSE110-01") -> CSE110-01 | D10: =IFERROR(__xludf.DUMMYFUNCTION("""COMPUTED_VALUE"""),"MSI") -> MSI | E10: =IFERROR(__xludf.DUMMYFUNCTION("""COMPUTED_VALUE"""),"MON+WED") -> MON+WED | F10: =IFERROR(__xludf.DUMMYFUNCTION("""COMPUTED_VALUE"""),"3:30 PM") -> 3:30 PM | G10: =IFERROR(__xludf.DUMMYFUNCTION("""COMPUTED_VALUE"""),"10A-04C") -> 10A-04C | H10: =IFERROR(__xludf.DUMMYFUNCTION("""COMPUTED_VALUE"""),"AOH,ANNH") -> AOH,ANNH | I10: =IFERROR(__xludf.DUMMYFUNCTION("""COMPUTED_VALUE"""),"THU") -> THU | J10: =IFERROR(__xludf.DUMMYFUNCTION("""COMPUTED_VALUE"""),"8:00 AM") -> 8:00 AM | K10: =IFERROR(__xludf.DUMMYFUNCTION("""COMPUTED_VALUE"""),"09B-08L") -> 09B-08L | M10: =IFERROR(VLOOKUP(D10,FacultyList!B:G,6,FALSE),"") -> md.saiful.islam@bracu.ac.bd
A11: =IFERROR(__xludf.DUMMYFUNCTION("""COMPUTED_VALUE"""),"CSE110-02") -> CSE110-02 | D11: =IFERROR(__xludf.DUMMYFUNCTION("""COMPUTED_VALUE"""),"MSI") -> MSI | E11: =IFERROR(__xludf.DUMMYFUNCTION("""COMPUTED_VALUE"""),"SUN+TUE") -> SUN+TUE | F11: =IFERROR(__xludf.DUMMYFUNCTION("""COMPUTED_VALUE"""),"11:00 AM") -> 11:00 AM | G11: =IFERROR(__xludf.DUMMYFUNCTION("""COMPUTED_VALUE"""),"10A-10C") -> 10A-10C | H11: =IFERROR(__xludf.DUMMYFUNCTION("""COMPUTED_VALUE"""),"MSI,SMUR") -> MSI,SMUR | I11: =IFERROR(__xludf.DUMMYFUNCTION("""COMPUTED_VALUE"""),"WED") -> WED | J11: =IFERROR(__xludf.DUMMYFUNCTION("""COMPUTED_VALUE"""),"8:00 AM") -> 8:00 AM | K11: =IFERROR(__xludf.DUMMYFUNCTION("""COMPUTED_VALUE"""),"09B-08L") -> 09B-08L | M11: =IFERROR(VLOOKUP(D11,FacultyList!B:G,6,FALSE),"") -> md.saiful.islam@bracu.ac.bd
A12: =IFERROR(__xludf.DUMMYFUNCTION("""COMPUTED_VALUE"""),"CSE110-03") -> CSE110-03 | D12: =IFERROR(__xludf.DUMMYFUNCTION("""COMPUTED_VALUE"""),"MSI") -> MSI | E12: =IFERROR(__xludf.DUMMYFUNCTION("""COMPUTED_VALUE"""),"SUN+TUE") -> SUN+TUE | F12: =IFERROR(__xludf.DUMMYFUNCTION("""COMPUTED_VALUE"""),"12:30 PM") -> 12:30 PM | G12: =IFERROR(__xludf.DUMMYFUNCTION("""COMPUTED_VALUE"""),"10A-10C") -> 10A-10C | H12: =IFERROR(__xludf.DUMMYFUNCTION("""COMPUTED_VALUE"""),"SMUR,RKBM") -> SMUR,RKBM | I12: =IFERROR(__xludf.DUMMYFUNCTION("""COMPUTED_VALUE"""),"WED") -> WED | J12: =IFERROR(__xludf.DUMMYFUNCTION("""COMPUTED_VALUE"""),"11:00 AM") -> 11:00 AM | K12: =IFERROR(__xludf.DUMMYFUNCTION("""COMPUTED_VALUE"""),"09B-08L") -> 09B-08L | M12: =IFERROR(VLOOKUP(D12,FacultyList!B:G,6,FALSE),"") -> md.saiful.islam@bracu.ac.bd
A13: =IFERROR(__xludf.DUMMYFUNCTION("""COMPUTED_VALUE"""),"CSE110-04") -> CSE110-04 | D13: =IFERROR(__xludf.DUMMYFUNCTION("""COMPUTED_VALUE"""),"MSI") -> MSI | E13: =IFERROR(__xludf.DUMMYFUNCTION("""COMPUTED_VALUE"""),"SUN+TUE") -> SUN+TUE | F13: =IFERROR(__xludf.DUMMYFUNCTION("""COMPUTED_VALUE"""),"3:30 PM") -> 3:30 PM | G13: =IFERROR(__xludf.DUMMYFUNCTION("""COMPUTED_VALUE"""),"10A-10C") -> 10A-10C | H13: =IFERROR(__xludf.DUMMYFUNCTION("""COMPUTED_VALUE"""),"MSI,CAKM") -> MSI,CAKM | I13: =IFERROR(__xludf.DUMMYFUNCTION("""COMPUTED_VALUE"""),"WED") -> WED | J13: =IFERROR(__xludf.DUMMYFUNCTION("""COMPUTED_VALUE"""),"11:00 AM") -> 11:00 AM | K13: =IFERROR(__xludf.DUMMYFUNCTION("""COMPUTED_VALUE"""),"09B-10L") -> 09B-10L | M13: =IFERROR(VLOOKUP(D13,FacultyList!B:G,6,FALSE),"") -> md.saiful.islam@bracu.ac.bd
A14: =IFERROR(__xludf.DUMMYFUNCTION("""COMPUTED_VALUE"""),"CSE110-05") -> CSE110-05 | D14: =IFERROR(__xludf.DUMMYFUNCTION("""COMPUTED_VALUE"""),"TAW") -> TAW | E14: =IFERROR(__xludf.DUMMYFUNCTION("""COMPUTED_VALUE"""),"MON+WED") -> MON+WED | F14: =IFERROR(__xludf.DUMMYFUNCTION("""COMPUTED_VALUE"""),"11:00 AM") -> 11:00 AM | G14: =IFERROR(__xludf.DUMMYFUNCTION("""COMPUTED_VALUE"""),"10A-05C") -> 10A-05C | H14: =IFERROR(__xludf.DUMMYFUNCTION("""COMPUTED_VALUE"""),"MAF,AOH") -> MAF,AOH | I14: =IFERROR(__xludf.DUMMYFUNCTION("""COMPUTED_VALUE"""),"THU") -> THU | J14: =IFERROR(__xludf.DUMMYFUNCTION("""COMPUTED_VALUE"""),"11:00 AM") -> 11:00 AM | K14: =IFERROR(__xludf.DUMMYFUNCTION("""COMPUTED_VALUE"""),"09B-08L") -> 09B-08L | M14: =IFERROR(VLOOKUP(D14,FacultyList!B:G,6,FALSE),"") -> tawhid.anwar@bracu.ac.bd
A15: =IFERROR(__xludf.DUMMYFUNCTION("""COMPUTED_VALUE"""),"CSE110-06") -> CSE110-06 | D15: =IFERROR(__xludf.DUMMYFUNCTION("""COMPUTED_VALUE"""),"ADU") -> ADU | E15: =IFERROR(__xludf.DUMMYFUNCTION("""COMPUTED_VALUE"""),"SUN+TUE") -> SUN+TUE | F15: =IFERROR(__xludf.DUMMYFUNCTION("""COMPUTED_VALUE"""),"12:30 PM") -> 12:30 PM | G15: =IFERROR(__xludf.DUMMYFUNCTION("""COMPUTED_VALUE"""),"09H-33C") -> 09H-33C | H15: =IFERROR(__xludf.DUMMYFUNCTION("""COMPUTED_VALUE"""),"ANNH,MVH") -> ANNH,MVH | I15: =IFERROR(__xludf.DUMMYFUNCTION("""COMPUTED_VALUE"""),"WED") -> WED | J15: =IFERROR(__xludf.DUMMYFUNCTION("""COMPUTED_VALUE"""),"8:00 AM") -> 8:00 AM | K15: =IFERROR(__xludf.DUMMYFUNCTION("""COMPUTED_VALUE"""),"09B-09L") -> 09B-09L | M15: =IFERROR(VLOOKUP(D15,FacultyList!B:G,6,FALSE),"") -> ahmed.ruhan@bracu.ac.bd
A16: =IFERROR(__xludf.DUMMYFUNCTION("""COMPUTED_VALUE"""),"CSE110-07") -> CSE110-07 | D16: =IFERROR(__xludf.DUMMYFUNCTION("""COMPUTED_VALUE"""),"RAK") -> RAK | E16: =IFERROR(__xludf.DUMMYFUNCTION("""COMPUTED_VALUE"""),"SUN+TUE") -> SUN+TUE | F16: =IFERROR(__xludf.DUMMYFUNCTION("""COMPUTED_VALUE"""),"8:00 AM") -> 8:00 AM | G16: =IFERROR(__xludf.DUMMYFUNCTION("""COMPUTED_VALUE"""),"10A-05C") -> 10A-05C | H16: =IFERROR(__xludf.DUMMYFUNCTION("""COMPUTED_VALUE"""),"NQM,NTN") -> NQM,NTN | I16: =IFERROR(__xludf.DUMMYFUNCTION("""COMPUTED_VALUE"""),"THU") -> THU | J16: =IFERROR(__xludf.DUMMYFUNCTION("""COMPUTED_VALUE"""),"11:00 AM") -> 11:00 AM | K16: =IFERROR(__xludf.DUMMYFUNCTION("""COMPUTED_VALUE"""),"09B-09L") -> 09B-09L | M16: =IFERROR(VLOOKUP(D16,FacultyList!B:G,6,FALSE),"") -> rubayat.ahmed@bracu.ac.bd
A17: =IFERROR(__xludf.DUMMYFUNCTION("""COMPUTED_VALUE"""),"CSE110-08") -> CSE110-08 | D17: =IFERROR(__xludf.DUMMYFUNCTION("""COMPUTED_VALUE"""),"AOH") -> AOH | E17: =IFERROR(__xludf.DUMMYFUNCTION("""COMPUTED_VALUE"""),"SUN+TUE") -> SUN+TUE | F17: =IFERROR(__xludf.DUMMYFUNCTION("""COMPUTED_VALUE"""),"3:30 PM") -> 3:30 PM | G17: =IFERROR(__xludf.DUMMYFUNCTION("""COMPUTED_VALUE"""),"09A-07C") -> 09A-07C | H17: =IFERROR(__xludf.DUMMYFUNCTION("""COMPUTED_VALUE"""),"AFA,KNI") -> AFA,KNI | I17: =IFERROR(__xludf.DUMMYFUNCTION("""COMPUTED_VALUE"""),"WED") -> WED | J17: =IFERROR(__xludf.DUMMYFUNCTION("""COMPUTED_VALUE"""),"11:00 AM") -> 11:00 AM | K17: =IFERROR(__xludf.DUMMYFUNCTION("""COMPUTED_VALUE"""),"09B-09L") -> 09B-09L | M17: =IFERROR(VLOOKUP(D17,FacultyList!B:G,6,FALSE),"") -> ext.abu.hasme@bracu.ac.bd
A18: =IFERROR(__xludf.DUMMYFUNCTION("""COMPUTED_VALUE"""),"CSE110-09") -> CSE110-09 | D18: =IFERROR(__xludf.DUMMYFUNCTION("""COMPUTED_VALUE"""),"KNI") -> KNI | E18: =IFERROR(__xludf.DUMMYFUNCTION("""COMPUTED_VALUE"""),"MON+WED") -> MON+WED | F18: =IFERROR(__xludf.DUMMYFUNCTION("""COMPUTED_VALUE"""),"2:00 PM") -> 2:00 PM | G18: =IFERROR(__xludf.DUMMYFUNCTION("""COMPUTED_VALUE"""),"09H-34C") -> 09H-34C | H18: =IFERROR(__xludf.DUMMYFUNCTION("""COMPUTED_VALUE"""),"ANNH,CAYR") -> ANNH,CAYR | I18: =IFERROR(__xludf.DUMMYFUNCTION("""COMPUTED_VALUE"""),"THU") -> THU | J18: =IFERROR(__xludf.DUMMYFUNCTION("""COMPUTED_VALUE"""),"2:00 PM") -> 2:00 PM | K18: =IFERROR(__xludf.DUMMYFUNCTION("""COMPUTED_VALUE"""),"09B-08L") -> 09B-08L | M18: =IFERROR(VLOOKUP(D18,FacultyList!B:G,6,FALSE),"") -> nazia.iqbal@bracu.ac.bd
A19: =IFERROR(__xludf.DUMMYFUNCTION("""COMPUTED_VALUE"""),"CSE110-10") -> CSE110-10 | D19: =IFERROR(__xludf.DUMMYFUNCTION("""COMPUTED_VALUE"""),"KNI") -> KNI | E19: =IFERROR(__xludf.DUMMYFUNCTION("""COMPUTED_VALUE"""),"MON+WED") -> MON+WED | F19: =IFERROR(__xludf.DUMMYFUNCTION("""COMPUTED_VALUE"""),"3:30 PM") -> 3:30 PM | G19: =IFERROR(__xludf.DUMMYFUNCTION("""COMPUTED_VALUE"""),"09H-34C") -> 09H-34C | H19: =IFERROR(__xludf.DUMMYFUNCTION("""COMPUTED_VALUE"""),"WLV,ANT") -> WLV,ANT | I19: =IFERROR(__xludf.DUMMYFUNCTION("""COMPUTED_VALUE"""),"THU") -> THU | J19: =IFERROR(__xludf.DUMMYFUNCTION("""COMPUTED_VALUE"""),"8:00 AM") -> 8:00 AM | K19: =IFERROR(__xludf.DUMMYFUNCTION("""COMPUTED_VALUE"""),"09B-09L") -> 09B-09L | M19: =IFERROR(VLOOKUP(D19,FacultyList!B:G,6,FALSE),"") -> nazia.iqbal@bracu.ac.bd
A20: =IFERROR(__xludf.DUMMYFUNCTION("""COMPUTED_VALUE"""),"CSE110-11") -> CSE110-11 | D20: =IFERROR(__xludf.DUMMYFUNCTION("""COMPUTED_VALUE"""),"MAU") -> MAU | E20: =IFERROR(__xludf.DUMMYFUNCTION("""COMPUTED_VALUE"""),"SUN+TUE") -> SUN+TUE | F20: =IFERROR(__xludf.DUMMYFUNCTION("""COMPUTED_VALUE"""),"9:30 AM") -> 9:30 AM | G20: =IFERROR(__xludf.DUMMYFUNCTION("""COMPUTED_VALUE"""),"09A-03C") -> 09A-03C | H20: =IFERROR(__xludf.DUMMYFUNCTION("""COMPUTED_VALUE"""),"WLV,DFD") -> WLV,DFD | I20: =IFERROR(__xludf.DUMMYFUNCTION("""COMPUTED_VALUE"""),"THU") -> THU | J20: =IFERROR(__xludf.DUMMYFUNCTION("""COMPUTED_VALUE"""),"2:00 PM") -> 2:00 PM | K20: =IFERROR(__xludf.DUMMYFUNCTION("""COMPUTED_VALUE"""),"09B-09L") -> 09B-09L | M20: =IFERROR(VLOOKUP(D20,FacultyList!B:G,6,FALSE),"") -> marshia.nujhat@bracu.ac.bd
A21: =IFERROR(__xludf.DUMMYFUNCTION("""COMPUTED_VALUE"""),"CSE110-12") -> CSE110-12 | D21: =IFERROR(__xludf.DUMMYFUNCTION("""COMPUTED_VALUE"""),"ADU") -> ADU | E21: =IFERROR(__xludf.DUMMYFUNCTION("""COMPUTED_VALUE"""),"SUN+TUE") -> SUN+TUE | F21: =IFERROR(__xludf.DUMMYFUNCTION("""COMPUTED_VALUE"""),"11:00 AM") -> 11:00 AM | G21: =IFERROR(__xludf.DUMMYFUNCTION("""COMPUTED_VALUE"""),"09H-33C") -> 09H-33C | H21: =IFERROR(__xludf.DUMMYFUNCTION("""COMPUTED_VALUE"""),"CSAB,CAKM") -> CSAB,CAKM | I21: =IFERROR(__xludf.DUMMYFUNCTION("""COMPUTED_VALUE"""),"THU") -> THU | J21: =IFERROR(__xludf.DUMMYFUNCTION("""COMPUTED_VALUE"""),"2:00 PM") -> 2:00 PM | K21: =IFERROR(__xludf.DUMMYFUNCTION("""COMPUTED_VALUE"""),"09B-10L") -> 09B-10L | M21: =IFERROR(VLOOKUP(D21,FacultyList!B:G,6,FALSE),"") -> ahmed.ruhan@bracu.ac.bd
A22: =IFERROR(__xludf.DUMMYFUNCTION("""COMPUTED_VALUE"""),"CSE110-13") -> CSE110-13 | D22: =IFERROR(__xludf.DUMMYFUNCTION("""COMPUTED_VALUE"""),"MVH") -> MVH | E22: =IFERROR(__xludf.DUMMYFUNCTION("""COMPUTED_VALUE"""),"SAT+THU") -> SAT+THU | F22: =IFERROR(__xludf.DUMMYFUNCTION("""COMPUTED_VALUE"""),"11:00 AM") -> 11:00 AM | G22: =IFERROR(__xludf.DUMMYFUNCTION("""COMPUTED_VALUE"""),"07H-27C") -> 07H-27C | H22: =IFERROR(__xludf.DUMMYFUNCTION("""COMPUTED_VALUE"""),"NTN,RKBM") -> NTN,RKBM | I22: =IFERROR(__xludf.DUMMYFUNCTION("""COMPUTED_VALUE"""),"WED") -> WED | J22: =IFERROR(__xludf.DUMMYFUNCTION("""COMPUTED_VALUE"""),"8:00 AM") -> 8:00 AM | K22: =IFERROR(__xludf.DUMMYFUNCTION("""COMPUTED_VALUE"""),"09B-10L") -> 09B-10L | M22: =IFERROR(VLOOKUP(D22,FacultyList!B:G,6,FALSE),"") -> mohammad.naveed@bracu.ac.bd
A23: =IFERROR(__xludf.DUMMYFUNCTION("""COMPUTED_VALUE"""),"CSE110-14") -> CSE110-14 | D23: =IFERROR(__xludf.DUMMYFUNCTION("""COMPUTED_VALUE"""),"MVH") -> MVH | E23: =IFERROR(__xludf.DUMMYFUNCTION("""COMPUTED_VALUE"""),"SAT+THU") -> SAT+THU | F23: =IFERROR(__xludf.DUMMYFUNCTION("""COMPUTED_VALUE"""),"12:30 PM") -> 12:30 PM | G23: =IFERROR(__xludf.DUMMYFUNCTION("""COMPUTED_VALUE"""),"07H-27C") -> 07H-27C | H23: =IFERROR(__xludf.DUMMYFUNCTION("""COMPUTED_VALUE"""),"WLV,MVH") -> WLV,MVH | I23: =IFERROR(__xludf.DUMMYFUNCTION("""COMPUTED_VALUE"""),"WED") -> WED | J23: =IFERROR(__xludf.DUMMYFUNCTION("""COMPUTED_VALUE"""),"2:00 PM") -> 2:00 PM | K23: =IFERROR(__xludf.DUMMYFUNCTION("""COMPUTED_VALUE"""),"09B-09L") -> 09B-09L | M23: =IFERROR(VLOOKUP(D23,FacultyList!B:G,6,FALSE),"") -> mohammad.naveed@bracu.ac.bd
A24: =IFERROR(__xludf.DUMMYFUNCTION("""COMPUTED_VALUE"""),"CSE110-15") -> CSE110-15 | D24: =IFERROR(__xludf.DUMMYFUNCTION("""COMPUTED_VALUE"""),"ATY") -> ATY | E24: =IFERROR(__xludf.DUMMYFUNCTION("""COMPUTED_VALUE"""),"MON+WED") -> MON+WED | F24: =IFERROR(__xludf.DUMMYFUNCTION("""COMPUTED_VALUE"""),"12:30 PM") -> 12:30 PM | G24: =IFERROR(__xludf.DUMMYFUNCTION("""COMPUTED_VALUE"""),"09A-05C") -> 09A-05C | H24: =IFERROR(__xludf.DUMMYFUNCTION("""COMPUTED_VALUE"""),"CAKM,CSAB") -> CAKM,CSAB | I24: =IFERROR(__xludf.DUMMYFUNCTION("""COMPUTED_VALUE"""),"THU") -> THU | J24: =IFERROR(__xludf.DUMMYFUNCTION("""COMPUTED_VALUE"""),"8:00 AM") -> 8:00 AM | K24: =IFERROR(__xludf.DUMMYFUNCTION("""COMPUTED_VALUE"""),"09B-11L") -> 09B-11L | M24: =IFERROR(VLOOKUP(D24,FacultyList!B:G,6,FALSE),"") -> ateya.ahmed@bracu.ac.bd
A25: =IFERROR(__xludf.DUMMYFUNCTION("""COMPUTED_VALUE"""),"CSE110-16") -> CSE110-16 | D25: =IFERROR(__xludf.DUMMYFUNCTION("""COMPUTED_VALUE"""),"ANT") -> ANT | E25: =IFERROR(__xludf.DUMMYFUNCTION("""COMPUTED_VALUE"""),"MON+WED") -> MON+WED | F25: =IFERROR(__xludf.DUMMYFUNCTION("""COMPUTED_VALUE"""),"8:00 AM") -> 8:00 AM | G25: =IFERROR(__xludf.DUMMYFUNCTION("""COMPUTED_VALUE"""),"09H-34C") -> 09H-34C | H25: =IFERROR(__xludf.DUMMYFUNCTION("""COMPUTED_VALUE"""),"ANNH,SLAR") -> ANNH,SLAR | I25: =IFERROR(__xludf.DUMMYFUNCTION("""COMPUTED_VALUE"""),"THU") -> THU | J25: =IFERROR(__xludf.DUMMYFUNCTION("""COMPUTED_VALUE"""),"11:00 AM") -> 11:00 AM | K25: =IFERROR(__xludf.DUMMYFUNCTION("""COMPUTED_VALUE"""),"09B-11L") -> 09B-11L | M25: =IFERROR(VLOOKUP(D25,FacultyList!B:G,6,FALSE),"") -> ext.anika.tasnim@bracu.ac.bd
A26: =IFERROR(__xludf.DUMMYFUNCTION("""COMPUTED_VALUE"""),"CSE110-17") -> CSE110-17 | D26: =IFERROR(__xludf.DUMMYFUNCTION("""COMPUTED_VALUE"""),"YND") -> YND | E26: =IFERROR(__xludf.DUMMYFUNCTION("""COMPUTED_VALUE"""),"MON+WED") -> MON+WED | F26: =IFERROR(__xludf.DUMMYFUNCTION("""COMPUTED_VALUE"""),"11:00 AM") -> 11:00 AM | G26: =IFERROR(__xludf.DUMMYFUNCTION("""COMPUTED_VALUE"""),"09A-05C") -> 09A-05C | H26: =IFERROR(__xludf.DUMMYFUNCTION("""COMPUTED_VALUE"""),"ANV,CNFH") -> ANV,CNFH | I26: =IFERROR(__xludf.DUMMYFUNCTION("""COMPUTED_VALUE"""),"THU") -> THU | J26: =IFERROR(__xludf.DUMMYFUNCTION("""COMPUTED_VALUE"""),"11:00 AM") -> 11:00 AM | K26: =IFERROR(__xludf.DUMMYFUNCTION("""COMPUTED_VALUE"""),"09F-27L") -> 09F-27L | M26: =IFERROR(VLOOKUP(D26,FacultyList!B:G,6,FALSE),"") -> yasmin.nadia@bracu.ac.bd
A27: =IFERROR(__xludf.DUMMYFUNCTION("""COMPUTED_VALUE"""),"CSE111-01") -> CSE111-01 | D27: =IFERROR(__xludf.DUMMYFUNCTION("""COMPUTED_VALUE"""),"ANK") -> ANK | E27: =IFERROR(__xludf.DUMMYFUNCTION("""COMPUTED_VALUE"""),"MON+WED") -> MON+WED | F27: =IFERROR(__xludf.DUMMYFUNCTION("""COMPUTED_VALUE"""),"2:00 PM") -> 2:00 PM | G27: =IFERROR(__xludf.DUMMYFUNCTION("""COMPUTED_VALUE"""),"09H-33C") -> 09H-33C | H27: =IFERROR(__xludf.DUMMYFUNCTION("""COMPUTED_VALUE"""),"AIB,ATY") -> AIB,ATY | I27: =IFERROR(__xludf.DUMMYFUNCTION("""COMPUTED_VALUE"""),"TUE") -> TUE | J27: =IFERROR(__xludf.DUMMYFUNCTION("""COMPUTED_VALUE"""),"11:00 AM") -> 11:00 AM | K27: =IFERROR(__xludf.DUMMYFUNCTION("""COMPUTED_VALUE"""),"09B-08L") -> 09B-08L | M27: =IFERROR(VLOOKUP(D27,FacultyList!B:G,6,FALSE),"") -> abdullah.alnakib@bracu.ac.bd
A28: =IFERROR(__xludf.DUMMYFUNCTION("""COMPUTED_VALUE"""),"CSE111-02") -> CSE111-02 | D28: =IFERROR(__xludf.DUMMYFUNCTION("""COMPUTED_VALUE"""),"TAW") -> TAW | E28: =IFERROR(__xludf.DUMMYFUNCTION("""COMPUTED_VALUE"""),"SUN+TUE") -> SUN+TUE | F28: =IFERROR(__xludf.DUMMYFUNCTION("""COMPUTED_VALUE"""),"11:00 AM") -> 11:00 AM | G28: =IFERROR(__xludf.DUMMYFUNCTION("""COMPUTED_VALUE"""),"10A-05C") -> 10A-05C | H28: =IFERROR(__xludf.DUMMYFUNCTION("""COMPUTED_VALUE"""),"TAW,AOH") -> TAW,AOH | I28: =IFERROR(__xludf.DUMMYFUNCTION("""COMPUTED_VALUE"""),"WED") -> WED | J28: =IFERROR(__xludf.DUMMYFUNCTION("""COMPUTED_VALUE"""),"2:00 PM") -> 2:00 PM | K28: =IFERROR(__xludf.DUMMYFUNCTION("""COMPUTED_VALUE"""),"12F-32L") -> 12F-32L | M28: =IFERROR(VLOOKUP(D28,FacultyList!B:G,6,FALSE),"") -> tawhid.anwar@bracu.ac.bd
A29: =IFERROR(__xludf.DUMMYFUNCTION("""COMPUTED_VALUE"""),"CSE111-03") -> CSE111-03 | D29: =IFERROR(__xludf.DUMMYFUNCTION("""COMPUTED_VALUE"""),"TAW") -> TAW | E29: =IFERROR(__xludf.DUMMYFUNCTION("""COMPUTED_VALUE"""),"SUN+TUE") -> SUN+TUE | F29: =IFERROR(__xludf.DUMMYFUNCTION("""COMPUTED_VALUE"""),"12:30 PM") -> 12:30 PM | G29: =IFERROR(__xludf.DUMMYFUNCTION("""COMPUTED_VALUE"""),"10A-05C") -> 10A-05C | H29: =IFERROR(__xludf.DUMMYFUNCTION("""COMPUTED_VALUE"""),"CAKM,HBN") -> CAKM,HBN | I29: =IFERROR(__xludf.DUMMYFUNCTION("""COMPUTED_VALUE"""),"WED") -> WED | J29: =IFERROR(__xludf.DUMMYFUNCTION("""COMPUTED_VALUE"""),"2:00 PM") -> 2:00 PM | K29: =IFERROR(__xludf.DUMMYFUNCTION("""COMPUTED_VALUE"""),"12D-27L") -> 12D-27L | M29: =IFERROR(VLOOKUP(D29,FacultyList!B:G,6,FALSE),"") -> tawhid.anwar@bracu.ac.bd
A30: =IFERROR(__xludf.DUMMYFUNCTION("""COMPUTED_VALUE"""),"CSE111-04") -> CSE111-04 | D30: =IFERROR(__xludf.DUMMYFUNCTION("""COMPUTED_VALUE"""),"TAW") -> TAW | E30: =IFERROR(__xludf.DUMMYFUNCTION("""COMPUTED_VALUE"""),"MON+WED") -> MON+WED | F30: =IFERROR(__xludf.DUMMYFUNCTION("""COMPUTED_VALUE"""),"12:30 PM") -> 12:30 PM | G30: =IFERROR(__xludf.DUMMYFUNCTION("""COMPUTED_VALUE"""),"10A-05C") -> 10A-05C | H30: =IFERROR(__xludf.DUMMYFUNCTION("""COMPUTED_VALUE"""),"TAW,RKBM") -> TAW,RKBM | I30: =IFERROR(__xludf.DUMMYFUNCTION("""COMPUTED_VALUE"""),"THU") -> THU | J30: =IFERROR(__xludf.DUMMYFUNCTION("""COMPUTED_VALUE"""),"11:00 AM") -> 11:00 AM | K30: =IFERROR(__xludf.DUMMYFUNCTION("""COMPUTED_VALUE"""),"12F-32L") -> 12F-32L | M30: =IFERROR(VLOOKUP(D30,FacultyList!B:G,6,FALSE),"") -> tawhid.anwar@bracu.ac.bd
A31: =IFERROR(__xludf.DUMMYFUNCTION("""COMPUTED_VALUE"""),"CSE111-05") -> CSE111-05 | D31: =IFERROR(__xludf.DUMMYFUNCTION("""COMPUTED_VALUE"""),"ADU") -> ADU | E31: =IFERROR(__xludf.DUMMYFUNCTION("""COMPUTED_VALUE"""),"MON+WED") -> MON+WED | F31: =IFERROR(__xludf.DUMMYFUNCTION("""COMPUTED_VALUE"""),"8:00 AM") -> 8:00 AM | G31: =IFERROR(__xludf.DUMMYFUNCTION("""COMPUTED_VALUE"""),"10B-13C") -> 10B-13C | H31: =IFERROR(__xludf.DUMMYFUNCTION("""COMPUTED_VALUE"""),"HBN,AOH") -> HBN,AOH | I31: =IFERROR(__xludf.DUMMYFUNCTION("""COMPUTED_VALUE"""),"TUE") -> TUE | J31: =IFERROR(__xludf.DUMMYFUNCTION("""COMPUTED_VALUE"""),"8:00 AM") -> 8:00 AM | K31: =IFERROR(__xludf.DUMMYFUNCTION("""COMPUTED_VALUE"""),"09B-09L") -> 09B-09L | M31: =IFERROR(VLOOKUP(D31,FacultyList!B:G,6,FALSE),"") -> ahmed.ruhan@bracu.ac.bd
A32: =IFERROR(__xludf.DUMMYFUNCTION("""COMPUTED_VALUE"""),"CSE111-06") -> CSE111-06 | D32: =IFERROR(__xludf.DUMMYFUNCTION("""COMPUTED_VALUE"""),"ADU") -> ADU | E32: =IFERROR(__xludf.DUMMYFUNCTION("""COMPUTED_VALUE"""),"MON+WED") -> MON+WED | F32: =IFERROR(__xludf.DUMMYFUNCTION("""COMPUTED_VALUE"""),"9:30 AM") -> 9:30 AM | G32: =IFERROR(__xludf.DUMMYFUNCTION("""COMPUTED_VALUE"""),"10B-13C") -> 10B-13C | H32: =IFERROR(__xludf.DUMMYFUNCTION("""COMPUTED_VALUE"""),"FGZ,AVB") -> FGZ,AVB | I32: =IFERROR(__xludf.DUMMYFUNCTION("""COMPUTED_VALUE"""),"TUE") -> TUE | J32: =IFERROR(__xludf.DUMMYFUNCTION("""COMPUTED_VALUE"""),"11:00 AM") -> 11:00 AM | K32: =IFERROR(__xludf.DUMMYFUNCTION("""COMPUTED_VALUE"""),"09B-09L") -> 09B-09L | M32: =IFERROR(VLOOKUP(D32,FacultyList!B:G,6,FALSE),"") -> ahmed.ruhan@bracu.ac.bd
A33: =IFERROR(__xludf.DUMMYFUNCTION("""COMPUTED_VALUE"""),"CSE111-07") -> CSE111-07 | D33: =IFERROR(__xludf.DUMMYFUNCTION("""COMPUTED_VALUE"""),"RKBM") -> RKBM | E33: =IFERROR(__xludf.DUMMYFUNCTION("""COMPUTED_VALUE"""),"SUN+TUE") -> SUN+TUE | F33: =IFERROR(__xludf.DUMMYFUNCTION("""COMPUTED_VALUE"""),"2:00 PM") -> 2:00 PM | G33: =IFERROR(__xludf.DUMMYFUNCTION("""COMPUTED_VALUE"""),"08H-22C") -> 08H-22C | H33: =IFERROR(__xludf.DUMMYFUNCTION("""COMPUTED_VALUE"""),"AFA,CRHB") -> AFA,CRHB | I33: =IFERROR(__xludf.DUMMYFUNCTION("""COMPUTED_VALUE"""),"WED") -> WED | J33: =IFERROR(__xludf.DUMMYFUNCTION("""COMPUTED_VALUE"""),"2:00 PM") -> 2:00 PM | K33: =IFERROR(__xludf.DUMMYFUNCTION("""COMPUTED_VALUE"""),"09B-11L") -> 09B-11L | M33: =IFERROR(VLOOKUP(D33,FacultyList!B:G,6,FALSE),"") -> mohammad.rakibul@bracu.ac.bd
A34: =IFERROR(__xludf.DUMMYFUNCTION("""COMPUTED_VALUE"""),"CSE111-08") -> CSE111-08 | D34: =IFERROR(__xludf.DUMMYFUNCTION("""COMPUTED_VALUE"""),"KNI") -> KNI | E34: =IFERROR(__xludf.DUMMYFUNCTION("""COMPUTED_VALUE"""),"SUN+TUE") -> SUN+TUE | F34: =IFERROR(__xludf.DUMMYFUNCTION("""COMPUTED_VALUE"""),"11:00 AM") -> 11:00 AM | G34: =IFERROR(__xludf.DUMMYFUNCTION("""COMPUTED_VALUE"""),"08H-22C") -> 08H-22C | H34: =IFERROR(__xludf.DUMMYFUNCTION("""COMPUTED_VALUE"""),"TMD,ADU") -> TMD,ADU | I34: =IFERROR(__xludf.DUMMYFUNCTION("""COMPUTED_VALUE"""),"WED") -> WED | J34: =IFERROR(__xludf.DUMMYFUNCTION("""COMPUTED_VALUE"""),"11:00 AM") -> 11:00 AM | K34: =IFERROR(__xludf.DUMMYFUNCTION("""COMPUTED_VALUE"""),"09B-11L") -> 09B-11L | M34: =IFERROR(VLOOKUP(D34,FacultyList!B:G,6,FALSE),"") -> nazia.iqbal@bracu.ac.bd
A35: =IFERROR(__xludf.DUMMYFUNCTION("""COMPUTED_VALUE"""),"CSE111-09") -> CSE111-09 | D35: =IFERROR(__xludf.DUMMYFUNCTION("""COMPUTED_VALUE"""),"KNI") -> KNI | E35: =IFERROR(__xludf.DUMMYFUNCTION("""COMPUTED_VALUE"""),"SUN+TUE") -> SUN+TUE | F35: =IFERROR(__xludf.DUMMYFUNCTION("""COMPUTED_VALUE"""),"12:30 PM") -> 12:30 PM | G35: =IFERROR(__xludf.DUMMYFUNCTION("""COMPUTED_VALUE"""),"08H-22C") -> 08H-22C | H35: =IFERROR(__xludf.DUMMYFUNCTION("""COMPUTED_VALUE"""),"ANV,CNFH") -> ANV,CNFH | I35: =IFERROR(__xludf.DUMMYFUNCTION("""COMPUTED_VALUE"""),"TUE") -> TUE | J35: =IFERROR(__xludf.DUMMYFUNCTION("""COMPUTED_VALUE"""),"8:00 AM") -> 8:00 AM | K35: =IFERROR(__xludf.DUMMYFUNCTION("""COMPUTED_VALUE"""),"09B-08L") -> 09B-08L | M35: =IFERROR(VLOOKUP(D35,FacultyList!B:G,6,FALSE),"") -> nazia.iqbal@bracu.ac.bd
A36: =IFERROR(__xludf.DUMMYFUNCTION("""COMPUTED_VALUE"""),"CSE111-10") -> CSE111-10 | D36: =IFERROR(__xludf.DUMMYFUNCTION("""COMPUTED_VALUE"""),"AIB") -> AIB | E36: =IFERROR(__xludf.DUMMYFUNCTION("""COMPUTED_VALUE"""),"SUN+TUE") -> SUN+TUE | F36: =IFERROR(__xludf.DUMMYFUNCTION("""COMPUTED_VALUE"""),"8:00 AM") -> 8:00 AM | G36: =IFERROR(__xludf.DUMMYFUNCTION("""COMPUTED_VALUE"""),"10A-04C") -> 10A-04C | H36: =IFERROR(__xludf.DUMMYFUNCTION("""COMPUTED_VALUE"""),"AVB,QUZA") -> AVB,QUZA | I36: =IFERROR(__xludf.DUMMYFUNCTION("""COMPUTED_VALUE"""),"WED") -> WED | J36: =IFERROR(__xludf.DUMMYFUNCTION("""COMPUTED_VALUE"""),"8:00 AM") -> 8:00 AM | K36: =IFERROR(__xludf.DUMMYFUNCTION("""COMPUTED_VALUE"""),"09E-21L") -> 09E-21L | M36: =IFERROR(VLOOKUP(D36,FacultyList!B:G,6,FALSE),"") -> abu.ibrahim@bracu.ac.bd
A37: =IFERROR(__xludf.DUMMYFUNCTION("""COMPUTED_VALUE"""),"CSE111-11") -> CSE111-11 | D37: =IFERROR(__xludf.DUMMYFUNCTION("""COMPUTED_VALUE"""),"AIB") -> AIB | E37: =IFERROR(__xludf.DUMMYFUNCTION("""COMPUTED_VALUE"""),"SUN+TUE") -> SUN+TUE | F37: =IFERROR(__xludf.DUMMYFUNCTION("""COMPUTED_VALUE"""),"9:30 AM") -> 9:30 AM | G37: =IFERROR(__xludf.DUMMYFUNCTION("""COMPUTED_VALUE"""),"10A-04C") -> 10A-04C | H37: =IFERROR(__xludf.DUMMYFUNCTION("""COMPUTED_VALUE"""),"AVB,FEK") -> AVB,FEK | I37: =IFERROR(__xludf.DUMMYFUNCTION("""COMPUTED_VALUE"""),"WED") -> WED | J37: =IFERROR(__xludf.DUMMYFUNCTION("""COMPUTED_VALUE"""),"11:00 AM") -> 11:00 AM | K37: =IFERROR(__xludf.DUMMYFUNCTION("""COMPUTED_VALUE"""),"09E-21L") -> 09E-21L | M37: =IFERROR(VLOOKUP(D37,FacultyList!B:G,6,FALSE),"") -> abu.ibrahim@bracu.ac.bd
A38: =IFERROR(__xludf.DUMMYFUNCTION("""COMPUTED_VALUE"""),"CSE111-13") -> CSE111-13 | D38: =IFERROR(__xludf.DUMMYFUNCTION("""COMPUTED_VALUE"""),"RKBM") -> RKBM | E38: =IFERROR(__xludf.DUMMYFUNCTION("""COMPUTED_VALUE"""),"SUN+TUE") -> SUN+TUE | F38: =IFERROR(__xludf.DUMMYFUNCTION("""COMPUTED_VALUE"""),"3:30 PM") -> 3:30 PM | G38: =IFERROR(__xludf.DUMMYFUNCTION("""COMPUTED_VALUE"""),"08H-22C") -> 08H-22C | H38: =IFERROR(__xludf.DUMMYFUNCTION("""COMPUTED_VALUE"""),"ATY,CSSA") -> ATY,CSSA | I38: =IFERROR(__xludf.DUMMYFUNCTION("""COMPUTED_VALUE"""),"WED") -> WED | J38: =IFERROR(__xludf.DUMMYFUNCTION("""COMPUTED_VALUE"""),"2:00 PM") -> 2:00 PM | K38: =IFERROR(__xludf.DUMMYFUNCTION("""COMPUTED_VALUE"""),"09E-21L") -> 09E-21L | M38: =IFERROR(VLOOKUP(D38,FacultyList!B:G,6,FALSE),"") -> mohammad.rakibul@bracu.ac.bd
A39: =IFERROR(__xludf.DUMMYFUNCTION("""COMPUTED_VALUE"""),"CSE111-14") -> CSE111-14 | D39: =IFERROR(__xludf.DUMMYFUNCTION("""COMPUTED_VALUE"""),"AFA") -> AFA | E39: =IFERROR(__xludf.DUMMYFUNCTION("""COMPUTED_VALUE"""),"SAT+THU") -> SAT+THU | F39: =IFERROR(__xludf.DUMMYFUNCTION("""COMPUTED_VALUE"""),"11:00 AM") -> 11:00 AM | G39: =IFERROR(__xludf.DUMMYFUNCTION("""COMPUTED_VALUE"""),"09A-02C") -> 09A-02C | H39: =IFERROR(__xludf.DUMMYFUNCTION("""COMPUTED_VALUE"""),"CNFH,AOH") -> CNFH,AOH | I39: =IFERROR(__xludf.DUMMYFUNCTION("""COMPUTED_VALUE"""),"WED") -> WED | J39: =IFERROR(__xludf.DUMMYFUNCTION("""COMPUTED_VALUE"""),"8:00 AM") -> 8:00 AM | K39: =IFERROR(__xludf.DUMMYFUNCTION("""COMPUTED_VALUE"""),"09B-11L") -> 09B-11L | M39: =IFERROR(VLOOKUP(D39,FacultyList!B:G,6,FALSE),"") -> afroza.akther@bracu.ac.bd
A40: =IFERROR(__xludf.DUMMYFUNCTION("""COMPUTED_VALUE"""),"CSE111-15") -> CSE111-15 | D40: =IFERROR(__xludf.DUMMYFUNCTION("""COMPUTED_VALUE"""),"MAU") -> MAU | E40: =IFERROR(__xludf.DUMMYFUNCTION("""COMPUTED_VALUE"""),"MON+WED") -> MON+WED | F40: =IFERROR(__xludf.DUMMYFUNCTION("""COMPUTED_VALUE"""),"9:30 AM") -> 9:30 AM | G40: =IFERROR(__xludf.DUMMYFUNCTION("""COMPUTED_VALUE"""),"09A-03C") -> 09A-03C | H40: =IFERROR(__xludf.DUMMYFUNCTION("""COMPUTED_VALUE"""),"AFA,AVB") -> AFA,AVB | I40: =IFERROR(__xludf.DUMMYFUNCTION("""COMPUTED_VALUE"""),"TUE") -> TUE | J40: =IFERROR(__xludf.DUMMYFUNCTION("""COMPUTED_VALUE"""),"8:00 AM") -> 8:00 AM | K40: =IFERROR(__xludf.DUMMYFUNCTION("""COMPUTED_VALUE"""),"09B-10L") -> 09B-10L | M40: =IFERROR(VLOOKUP(D40,FacultyList!B:G,6,FALSE),"") -> marshia.nujhat@bracu.ac.bd
A41: =IFERROR(__xludf.DUMMYFUNCTION("""COMPUTED_VALUE"""),"CSE111-16") -> CSE111-16 | D41: =IFERROR(__xludf.DUMMYFUNCTION("""COMPUTED_VALUE"""),"MAU") -> MAU | E41: =IFERROR(__xludf.DUMMYFUNCTION("""COMPUTED_VALUE"""),"MON+WED") -> MON+WED | F41: =IFERROR(__xludf.DUMMYFUNCTION("""COMPUTED_VALUE"""),"11:00 AM") -> 11:00 AM | G41: =IFERROR(__xludf.DUMMYFUNCTION("""COMPUTED_VALUE"""),"09A-03C") -> 09A-03C | H41: =IFERROR(__xludf.DUMMYFUNCTION("""COMPUTED_VALUE"""),"ANK,AFA") -> ANK,AFA | I41: =IFERROR(__xludf.DUMMYFUNCTION("""COMPUTED_VALUE"""),"TUE") -> TUE | J41: =IFERROR(__xludf.DUMMYFUNCTION("""COMPUTED_VALUE"""),"11:00 AM") -> 11:00 AM | K41: =IFERROR(__xludf.DUMMYFUNCTION("""COMPUTED_VALUE"""),"09B-10L") -> 09B-10L | M41: =IFERROR(VLOOKUP(D41,FacultyList!B:G,6,FALSE),"") -> marshia.nujhat@bracu.ac.bd
A42: =IFERROR(__xludf.DUMMYFUNCTION("""COMPUTED_VALUE"""),"CSE111-17") -> CSE111-17 | D42: =IFERROR(__xludf.DUMMYFUNCTION("""COMPUTED_VALUE"""),"QUZA") -> QUZA | E42: =IFERROR(__xludf.DUMMYFUNCTION("""COMPUTED_VALUE"""),"MON+WED") -> MON+WED | F42: =IFERROR(__xludf.DUMMYFUNCTION("""COMPUTED_VALUE"""),"12:30 PM") -> 12:30 PM | G42: =IFERROR(__xludf.DUMMYFUNCTION("""COMPUTED_VALUE"""),"09H-34C") -> 09H-34C | H42: =IFERROR(__xludf.DUMMYFUNCTION("""COMPUTED_VALUE"""),"KNI,YND") -> KNI,YND | I42: =IFERROR(__xludf.DUMMYFUNCTION("""COMPUTED_VALUE"""),"TUE") -> TUE | J42: =IFERROR(__xludf.DUMMYFUNCTION("""COMPUTED_VALUE"""),"2:00 PM") -> 2:00 PM | K42: =IFERROR(__xludf.DUMMYFUNCTION("""COMPUTED_VALUE"""),"09B-08L") -> 09B-08L | M42: =IFERROR(VLOOKUP(D42,FacultyList!B:G,6,FALSE),"") -> quazi.ashikur@bracu.ac.bd
A43: =IFERROR(__xludf.DUMMYFUNCTION("""COMPUTED_VALUE"""),"CSE220-01") -> CSE220-01 | D43: =IFERROR(__xludf.DUMMYFUNCTION("""COMPUTED_VALUE"""),"RAK") -> RAK | E43: =IFERROR(__xludf.DUMMYFUNCTION("""COMPUTED_VALUE"""),"SUN+TUE") -> SUN+TUE | F43: =IFERROR(__xludf.DUMMYFUNCTION("""COMPUTED_VALUE"""),"9:30 AM") -> 9:30 AM | G43: =IFERROR(__xludf.DUMMYFUNCTION("""COMPUTED_VALUE"""),"10A-05C") -> 10A-05C | H43: =IFERROR(__xludf.DUMMYFUNCTION("""COMPUTED_VALUE"""),"ASMN,CESF") -> ASMN,CESF | I43: =IFERROR(__xludf.DUMMYFUNCTION("""COMPUTED_VALUE"""),"MON") -> MON | J43: =IFERROR(__xludf.DUMMYFUNCTION("""COMPUTED_VALUE"""),"8:00 AM") -> 8:00 AM | K43: =IFERROR(__xludf.DUMMYFUNCTION("""COMPUTED_VALUE"""),"09B-08L") -> 09B-08L | M43: =IFERROR(VLOOKUP(D43,FacultyList!B:G,6,FALSE),"") -> rubayat.ahmed@bracu.ac.bd
A44: =IFERROR(__xludf.DUMMYFUNCTION("""COMPUTED_VALUE"""),"CSE220-02") -> CSE220-02 | D44: =IFERROR(__xludf.DUMMYFUNCTION("""COMPUTED_VALUE"""),"RAK") -> RAK | E44: =IFERROR(__xludf.DUMMYFUNCTION("""COMPUTED_VALUE"""),"MON+WED") -> MON+WED | F44: =IFERROR(__xludf.DUMMYFUNCTION("""COMPUTED_VALUE"""),"2:00 PM") -> 2:00 PM | G44: =IFERROR(__xludf.DUMMYFUNCTION("""COMPUTED_VALUE"""),"10A-10C") -> 10A-10C | H44: =IFERROR(__xludf.DUMMYFUNCTION("""COMPUTED_VALUE"""),"ASMN,SKIB") -> ASMN,SKIB | I44: =IFERROR(__xludf.DUMMYFUNCTION("""COMPUTED_VALUE"""),"SUN") -> SUN | J44: =IFERROR(__xludf.DUMMYFUNCTION("""COMPUTED_VALUE"""),"8:00 AM") -> 8:00 AM | K44: =IFERROR(__xludf.DUMMYFUNCTION("""COMPUTED_VALUE"""),"09B-09L") -> 09B-09L | M44: =IFERROR(VLOOKUP(D44,FacultyList!B:G,6,FALSE),"") -> rubayat.ahmed@bracu.ac.bd
A45: =IFERROR(__xludf.DUMMYFUNCTION("""COMPUTED_VALUE"""),"CSE220-03") -> CSE220-03 | D45: =IFERROR(__xludf.DUMMYFUNCTION("""COMPUTED_VALUE"""),"RAK") -> RAK | E45: =IFERROR(__xludf.DUMMYFUNCTION("""COMPUTED_VALUE"""),"MON+WED") -> MON+WED | F45: =IFERROR(__xludf.DUMMYFUNCTION("""COMPUTED_VALUE"""),"3:30 PM") -> 3:30 PM | G45: =IFERROR(__xludf.DUMMYFUNCTION("""COMPUTED_VALUE"""),"10A-10C") -> 10A-10C | H45: =IFERROR(__xludf.DUMMYFUNCTION("""COMPUTED_VALUE"""),"WBH,KKS") -> WBH,KKS | I45: =IFERROR(__xludf.DUMMYFUNCTION("""COMPUTED_VALUE"""),"SUN") -> SUN | J45: =IFERROR(__xludf.DUMMYFUNCTION("""COMPUTED_VALUE"""),"11:00 AM") -> 11:00 AM | K45: =IFERROR(__xludf.DUMMYFUNCTION("""COMPUTED_VALUE"""),"09B-09L") -> 09B-09L | M45: =IFERROR(VLOOKUP(D45,FacultyList!B:G,6,FALSE),"") -> rubayat.ahmed@bracu.ac.bd
A46: =IFERROR(__xludf.DUMMYFUNCTION("""COMPUTED_VALUE"""),"CSE220-04") -> CSE220-04 | D46: =IFERROR(__xludf.DUMMYFUNCTION("""COMPUTED_VALUE"""),"SHBZ") -> SHBZ | E46: =IFERROR(__xludf.DUMMYFUNCTION("""COMPUTED_VALUE"""),"SAT+THU") -> SAT+THU | F46: =IFERROR(__xludf.DUMMYFUNCTION("""COMPUTED_VALUE"""),"8:00 AM") -> 8:00 AM | G46: =IFERROR(__xludf.DUMMYFUNCTION("""COMPUTED_VALUE"""),"10A-05C") -> 10A-05C | H46: =IFERROR(__xludf.DUMMYFUNCTION("""COMPUTED_VALUE"""),"MZG,SWG") -> MZG,SWG | I46: =IFERROR(__xludf.DUMMYFUNCTION("""COMPUTED_VALUE"""),"MON") -> MON | J46: =IFERROR(__xludf.DUMMYFUNCTION("""COMPUTED_VALUE"""),"11:00 AM") -> 11:00 AM | K46: =IFERROR(__xludf.DUMMYFUNCTION("""COMPUTED_VALUE"""),"09B-11L") -> 09B-11L | M46: =IFERROR(VLOOKUP(D46,FacultyList!B:G,6,FALSE),"") -> ext.shams.bayzid@bracu.ac.bd
A47: =IFERROR(__xludf.DUMMYFUNCTION("""COMPUTED_VALUE"""),"CSE220-05") -> CSE220-05 | D47: =IFERROR(__xludf.DUMMYFUNCTION("""COMPUTED_VALUE"""),"SHBZ") -> SHBZ | E47: =IFERROR(__xludf.DUMMYFUNCTION("""COMPUTED_VALUE"""),"SAT+THU") -> SAT+THU | F47: =IFERROR(__xludf.DUMMYFUNCTION("""COMPUTED_VALUE"""),"9:30 AM") -> 9:30 AM | G47: =IFERROR(__xludf.DUMMYFUNCTION("""COMPUTED_VALUE"""),"10A-05C") -> 10A-05C | H47: =IFERROR(__xludf.DUMMYFUNCTION("""COMPUTED_VALUE"""),"CESF,ANT") -> CESF,ANT | I47: =IFERROR(__xludf.DUMMYFUNCTION("""COMPUTED_VALUE"""),"MON") -> MON | J47: =IFERROR(__xludf.DUMMYFUNCTION("""COMPUTED_VALUE"""),"2:00 PM") -> 2:00 PM | K47: =IFERROR(__xludf.DUMMYFUNCTION("""COMPUTED_VALUE"""),"09B-11L") -> 09B-11L | M47: =IFERROR(VLOOKUP(D47,FacultyList!B:G,6,FALSE),"") -> ext.shams.bayzid@bracu.ac.bd
A48: =IFERROR(__xludf.DUMMYFUNCTION("""COMPUTED_VALUE"""),"CSE220-06") -> CSE220-06 | D48: =IFERROR(__xludf.DUMMYFUNCTION("""COMPUTED_VALUE"""),"MAHR") -> MAHR | E48: =IFERROR(__xludf.DUMMYFUNCTION("""COMPUTED_VALUE"""),"SUN+TUE") -> SUN+TUE | F48: =IFERROR(__xludf.DUMMYFUNCTION("""COMPUTED_VALUE"""),"8:00 AM") -> 8:00 AM | G48: =IFERROR(__xludf.DUMMYFUNCTION("""COMPUTED_VALUE"""),"10B-13C") -> 10B-13C | H48: =IFERROR(__xludf.DUMMYFUNCTION("""COMPUTED_VALUE"""),"RAK,AYO") -> RAK,AYO | I48: =IFERROR(__xludf.DUMMYFUNCTION("""COMPUTED_VALUE"""),"MON") -> MON | J48: =IFERROR(__xludf.DUMMYFUNCTION("""COMPUTED_VALUE"""),"11:00 AM") -> 11:00 AM | K48: =IFERROR(__xludf.DUMMYFUNCTION("""COMPUTED_VALUE"""),"09B-08L") -> 09B-08L | M48: =IFERROR(VLOOKUP(D48,FacultyList!B:G,6,FALSE),"") -> mahrin.tasfe@bracu.ac.bd
A49: =IFERROR(__xludf.DUMMYFUNCTION("""COMPUTED_VALUE"""),"CSE220-07") -> CSE220-07 | D49: =IFERROR(__xludf.DUMMYFUNCTION("""COMPUTED_VALUE"""),"MAHR") -> MAHR | E49: =IFERROR(__xludf.DUMMYFUNCTION("""COMPUTED_VALUE"""),"SUN+TUE") -> SUN+TUE | F49: =IFERROR(__xludf.DUMMYFUNCTION("""COMPUTED_VALUE"""),"9:30 AM") -> 9:30 AM | G49: =IFERROR(__xludf.DUMMYFUNCTION("""COMPUTED_VALUE"""),"10B-13C") -> 10B-13C | H49: =IFERROR(__xludf.DUMMYFUNCTION("""COMPUTED_VALUE"""),"ASMN,ATY") -> ASMN,ATY | I49: =IFERROR(__xludf.DUMMYFUNCTION("""COMPUTED_VALUE"""),"MON") -> MON | J49: =IFERROR(__xludf.DUMMYFUNCTION("""COMPUTED_VALUE"""),"2:00 PM") -> 2:00 PM | K49: =IFERROR(__xludf.DUMMYFUNCTION("""COMPUTED_VALUE"""),"09B-08L") -> 09B-08L | M49: =IFERROR(VLOOKUP(D49,FacultyList!B:G,6,FALSE),"") -> mahrin.tasfe@bracu.ac.bd
A50: =IFERROR(__xludf.DUMMYFUNCTION("""COMPUTED_VALUE"""),"CSE220-08") -> CSE220-08 | D50: =IFERROR(__xludf.DUMMYFUNCTION("""COMPUTED_VALUE"""),"KKS") -> KKS | E50: =IFERROR(__xludf.DUMMYFUNCTION("""COMPUTED_VALUE"""),"SAT+THU") -> SAT+THU | F50: =IFERROR(__xludf.DUMMYFUNCTION("""COMPUTED_VALUE"""),"2:00 PM") -> 2:00 PM | G50: =IFERROR(__xludf.DUMMYFUNCTION("""COMPUTED_VALUE"""),"10B-15C") -> 10B-15C | H50: =IFERROR(__xludf.DUMMYFUNCTION("""COMPUTED_VALUE"""),"RAK,SKIB") -> RAK,SKIB | I50: =IFERROR(__xludf.DUMMYFUNCTION("""COMPUTED_VALUE"""),"SUN") -> SUN | J50: =IFERROR(__xludf.DUMMYFUNCTION("""COMPUTED_VALUE"""),"2:00 PM") -> 2:00 PM | K50: =IFERROR(__xludf.DUMMYFUNCTION("""COMPUTED_VALUE"""),"09B-09L") -> 09B-09L | M50: =IFERROR(VLOOKUP(D50,FacultyList!B:G,6,FALSE),"") -> md.khaliduzzaman@bracu.ac.bd
A51: =IFERROR(__xludf.DUMMYFUNCTION("""COMPUTED_VALUE"""),"CSE220-09") -> CSE220-09 | D51: =IFERROR(__xludf.DUMMYFUNCTION("""COMPUTED_VALUE"""),"MAHR") -> MAHR | E51: =IFERROR(__xludf.DUMMYFUNCTION("""COMPUTED_VALUE"""),"SAT+THU") -> SAT+THU | F51: =IFERROR(__xludf.DUMMYFUNCTION("""COMPUTED_VALUE"""),"11:00 AM") -> 11:00 AM | G51: =IFERROR(__xludf.DUMMYFUNCTION("""COMPUTED_VALUE"""),"08H-22C") -> 08H-22C | H51: =IFERROR(__xludf.DUMMYFUNCTION("""COMPUTED_VALUE"""),"RFTS,ASMN") -> RFTS,ASMN | I51: =IFERROR(__xludf.DUMMYFUNCTION("""COMPUTED_VALUE"""),"SUN") -> SUN | J51: =IFERROR(__xludf.DUMMYFUNCTION("""COMPUTED_VALUE"""),"11:00 AM") -> 11:00 AM | K51: =IFERROR(__xludf.DUMMYFUNCTION("""COMPUTED_VALUE"""),"09B-08L") -> 09B-08L | M51: =IFERROR(VLOOKUP(D51,FacultyList!B:G,6,FALSE),"") -> mahrin.tasfe@bracu.ac.bd
A52: =IFERROR(__xludf.DUMMYFUNCTION("""COMPUTED_VALUE"""),"CSE220-10") -> CSE220-10 | D52: =IFERROR(__xludf.DUMMYFUNCTION("""COMPUTED_VALUE"""),"MAHR") -> MAHR | E52: =IFERROR(__xludf.DUMMYFUNCTION("""COMPUTED_VALUE"""),"SAT+THU") -> SAT+THU | F52: =IFERROR(__xludf.DUMMYFUNCTION("""COMPUTED_VALUE"""),"12:30 PM") -> 12:30 PM | G52: =IFERROR(__xludf.DUMMYFUNCTION("""COMPUTED_VALUE"""),"08H-22C") -> 08H-22C | H52: =IFERROR(__xludf.DUMMYFUNCTION("""COMPUTED_VALUE"""),"CSSN,AJK") -> CSSN,AJK | I52: =IFERROR(__xludf.DUMMYFUNCTION("""COMPUTED_VALUE"""),"SUN") -> SUN | J52: =IFERROR(__xludf.DUMMYFUNCTION("""COMPUTED_VALUE"""),"2:00 PM") -> 2:00 PM | K52: =IFERROR(__xludf.DUMMYFUNCTION("""COMPUTED_VALUE"""),"09B-08L") -> 09B-08L | M52: =IFERROR(VLOOKUP(D52,FacultyList!B:G,6,FALSE),"") -> mahrin.tasfe@bracu.ac.bd
A53: =IFERROR(__xludf.DUMMYFUNCTION("""COMPUTED_VALUE"""),"CSE220-11") -> CSE220-11 | D53: =IFERROR(__xludf.DUMMYFUNCTION("""COMPUTED_VALUE"""),"MUNR") -> MUNR | E53: =IFERROR(__xludf.DUMMYFUNCTION("""COMPUTED_VALUE"""),"MON+WED") -> MON+WED | F53: =IFERROR(__xludf.DUMMYFUNCTION("""COMPUTED_VALUE"""),"11:00 AM") -> 11:00 AM | G53: =IFERROR(__xludf.DUMMYFUNCTION("""COMPUTED_VALUE"""),"09H-33C") -> 09H-33C | H53: =IFERROR(__xludf.DUMMYFUNCTION("""COMPUTED_VALUE"""),"MZG,ANT") -> MZG,ANT | I53: =IFERROR(__xludf.DUMMYFUNCTION("""COMPUTED_VALUE"""),"SUN") -> SUN | J53: =IFERROR(__xludf.DUMMYFUNCTION("""COMPUTED_VALUE"""),"8:00 AM") -> 8:00 AM | K53: =IFERROR(__xludf.DUMMYFUNCTION("""COMPUTED_VALUE"""),"09B-10L") -> 09B-10L | M53: =IFERROR(VLOOKUP(D53,FacultyList!B:G,6,FALSE),"") -> abm.muntasir@bracu.ac.bd
A54: =IFERROR(__xludf.DUMMYFUNCTION("""COMPUTED_VALUE"""),"CSE220-12") -> CSE220-12 | D54: =IFERROR(__xludf.DUMMYFUNCTION("""COMPUTED_VALUE"""),"AIB") -> AIB | E54: =IFERROR(__xludf.DUMMYFUNCTION("""COMPUTED_VALUE"""),"MON+WED") -> MON+WED | F54: =IFERROR(__xludf.DUMMYFUNCTION("""COMPUTED_VALUE"""),"11:00 AM") -> 11:00 AM | G54: =IFERROR(__xludf.DUMMYFUNCTION("""COMPUTED_VALUE"""),"09H-32C") -> 09H-32C | H54: =IFERROR(__xludf.DUMMYFUNCTION("""COMPUTED_VALUE"""),"AIB,FDM") -> AIB,FDM | I54: =IFERROR(__xludf.DUMMYFUNCTION("""COMPUTED_VALUE"""),"SUN") -> SUN | J54: =IFERROR(__xludf.DUMMYFUNCTION("""COMPUTED_VALUE"""),"11:00 AM") -> 11:00 AM | K54: =IFERROR(__xludf.DUMMYFUNCTION("""COMPUTED_VALUE"""),"09B-10L") -> 09B-10L | M54: =IFERROR(VLOOKUP(D54,FacultyList!B:G,6,FALSE),"") -> abu.ibrahim@bracu.ac.bd
A55: =IFERROR(__xludf.DUMMYFUNCTION("""COMPUTED_VALUE"""),"CSE220-13") -> CSE220-13 | D55: =IFERROR(__xludf.DUMMYFUNCTION("""COMPUTED_VALUE"""),"AIB") -> AIB | E55: =IFERROR(__xludf.DUMMYFUNCTION("""COMPUTED_VALUE"""),"MON+WED") -> MON+WED | F55: =IFERROR(__xludf.DUMMYFUNCTION("""COMPUTED_VALUE"""),"12:30 PM") -> 12:30 PM | G55: =IFERROR(__xludf.DUMMYFUNCTION("""COMPUTED_VALUE"""),"09H-32C") -> 09H-32C | H55: =IFERROR(__xludf.DUMMYFUNCTION("""COMPUTED_VALUE"""),"AJA,MRIA") -> AJA,MRIA | I55: =IFERROR(__xludf.DUMMYFUNCTION("""COMPUTED_VALUE"""),"SUN") -> SUN | J55: =IFERROR(__xludf.DUMMYFUNCTION("""COMPUTED_VALUE"""),"2:00 PM") -> 2:00 PM | K55: =IFERROR(__xludf.DUMMYFUNCTION("""COMPUTED_VALUE"""),"09B-10L") -> 09B-10L | M55: =IFERROR(VLOOKUP(D55,FacultyList!B:G,6,FALSE),"") -> abu.ibrahim@bracu.ac.bd
A56: =IFERROR(__xludf.DUMMYFUNCTION("""COMPUTED_VALUE"""),"CSE220-14") -> CSE220-14 | D56: =IFERROR(__xludf.DUMMYFUNCTION("""COMPUTED_VALUE"""),"SWG") -> SWG | E56: =IFERROR(__xludf.DUMMYFUNCTION("""COMPUTED_VALUE"""),"MON+WED") -> MON+WED | F56: =IFERROR(__xludf.DUMMYFUNCTION("""COMPUTED_VALUE"""),"9:30 AM") -> 9:30 AM | G56: =IFERROR(__xludf.DUMMYFUNCTION("""COMPUTED_VALUE"""),"09H-32C") -> 09H-32C | H56: =IFERROR(__xludf.DUMMYFUNCTION("""COMPUTED_VALUE"""),"ZMD,IRZ") -> ZMD,IRZ | I56: =IFERROR(__xludf.DUMMYFUNCTION("""COMPUTED_VALUE"""),"SUN") -> SUN | J56: =IFERROR(__xludf.DUMMYFUNCTION("""COMPUTED_VALUE"""),"8:00 AM") -> 8:00 AM | K56: =IFERROR(__xludf.DUMMYFUNCTION("""COMPUTED_VALUE"""),"09B-11L") -> 09B-11L | M56: =IFERROR(VLOOKUP(D56,FacultyList!B:G,6,FALSE),"") -> swattic.ghose@bracu.ac.bd
A57: =IFERROR(__xludf.DUMMYFUNCTION("""COMPUTED_VALUE"""),"CSE220-15") -> CSE220-15 | D57: =IFERROR(__xludf.DUMMYFUNCTION("""COMPUTED_VALUE"""),"SWG") -> SWG | E57: =IFERROR(__xludf.DUMMYFUNCTION("""COMPUTED_VALUE"""),"MON+WED") -> MON+WED | F57: =IFERROR(__xludf.DUMMYFUNCTION("""COMPUTED_VALUE"""),"2:00 PM") -> 2:00 PM | G57: =IFERROR(__xludf.DUMMYFUNCTION("""COMPUTED_VALUE"""),"09H-32C") -> 09H-32C | H57: =IFERROR(__xludf.DUMMYFUNCTION("""COMPUTED_VALUE"""),"SLAR,MZG") -> SLAR,MZG | I57: =IFERROR(__xludf.DUMMYFUNCTION("""COMPUTED_VALUE"""),"SUN") -> SUN | J57: =IFERROR(__xludf.DUMMYFUNCTION("""COMPUTED_VALUE"""),"11:00 AM") -> 11:00 AM | K57: =IFERROR(__xludf.DUMMYFUNCTION("""COMPUTED_VALUE"""),"09B-11L") -> 09B-11L | M57: =IFERROR(VLOOKUP(D57,FacultyList!B:G,6,FALSE),"") -> swattic.ghose@bracu.ac.bd
A58: =IFERROR(__xludf.DUMMYFUNCTION("""COMPUTED_VALUE"""),"CSE220-16") -> CSE220-16 | D58: =IFERROR(__xludf.DUMMYFUNCTION("""COMPUTED_VALUE"""),"KKS") -> KKS | E58: =IFERROR(__xludf.DUMMYFUNCTION("""COMPUTED_VALUE"""),"SUN+TUE") -> SUN+TUE | F58: =IFERROR(__xludf.DUMMYFUNCTION("""COMPUTED_VALUE"""),"2:00 PM") -> 2:00 PM | G58: =IFERROR(__xludf.DUMMYFUNCTION("""COMPUTED_VALUE"""),"09C-13C") -> 09C-13C | H58: =IFERROR(__xludf.DUMMYFUNCTION("""COMPUTED_VALUE"""),"AJA,MRIA") -> AJA,MRIA | I58: =IFERROR(__xludf.DUMMYFUNCTION("""COMPUTED_VALUE"""),"MON") -> MON | J58: =IFERROR(__xludf.DUMMYFUNCTION("""COMPUTED_VALUE"""),"2:00 PM") -> 2:00 PM | K58: =IFERROR(__xludf.DUMMYFUNCTION("""COMPUTED_VALUE"""),"09B-09L") -> 09B-09L | M58: =IFERROR(VLOOKUP(D58,FacultyList!B:G,6,FALSE),"") -> md.khaliduzzaman@bracu.ac.bd
A59: =IFERROR(__xludf.DUMMYFUNCTION("""COMPUTED_VALUE"""),"CSE220-17") -> CSE220-17 | D59: =IFERROR(__xludf.DUMMYFUNCTION("""COMPUTED_VALUE"""),"KKS") -> KKS | E59: =IFERROR(__xludf.DUMMYFUNCTION("""COMPUTED_VALUE"""),"SUN+TUE") -> SUN+TUE | F59: =IFERROR(__xludf.DUMMYFUNCTION("""COMPUTED_VALUE"""),"3:30 PM") -> 3:30 PM | G59: =IFERROR(__xludf.DUMMYFUNCTION("""COMPUTED_VALUE"""),"09C-13C") -> 09C-13C | H59: =IFERROR(__xludf.DUMMYFUNCTION("""COMPUTED_VALUE"""),"IRZ,CMHQ") -> IRZ,CMHQ | I59: =IFERROR(__xludf.DUMMYFUNCTION("""COMPUTED_VALUE"""),"MON") -> MON | J59: =IFERROR(__xludf.DUMMYFUNCTION("""COMPUTED_VALUE"""),"8:00 AM") -> 8:00 AM | K59: =IFERROR(__xludf.DUMMYFUNCTION("""COMPUTED_VALUE"""),"09B-10L") -> 09B-10L | M59: =IFERROR(VLOOKUP(D59,FacultyList!B:G,6,FALSE),"") -> md.khaliduzzaman@bracu.ac.bd
A60: =IFERROR(__xludf.DUMMYFUNCTION("""COMPUTED_VALUE"""),"CSE220-18") -> CSE220-18 | D60: =IFERROR(__xludf.DUMMYFUNCTION("""COMPUTED_VALUE"""),"MNP") -> MNP | E60: =IFERROR(__xludf.DUMMYFUNCTION("""COMPUTED_VALUE"""),"MON+WED") -> MON+WED | F60: =IFERROR(__xludf.DUMMYFUNCTION("""COMPUTED_VALUE"""),"8:00 AM") -> 8:00 AM | G60: =IFERROR(__xludf.DUMMYFUNCTION("""COMPUTED_VALUE"""),"09H-32C") -> 09H-32C | H60: =IFERROR(__xludf.DUMMYFUNCTION("""COMPUTED_VALUE"""),"CESF,MAF") -> CESF,MAF | I60: =IFERROR(__xludf.DUMMYFUNCTION("""COMPUTED_VALUE"""),"SUN") -> SUN | J60: =IFERROR(__xludf.DUMMYFUNCTION("""COMPUTED_VALUE"""),"2:00 PM") -> 2:00 PM | K60: =IFERROR(__xludf.DUMMYFUNCTION("""COMPUTED_VALUE"""),"09B-11L") -> 09B-11L | M60: =IFERROR(VLOOKUP(D60,FacultyList!B:G,6,FALSE),"") -> mushfique.nasir@bracu.ac.bd
A61: =IFERROR(__xludf.DUMMYFUNCTION("""COMPUTED_VALUE"""),"CSE220-19") -> CSE220-19 | D61: =IFERROR(__xludf.DUMMYFUNCTION("""COMPUTED_VALUE"""),"ITTSC") -> ITTSC | E61: =IFERROR(__xludf.DUMMYFUNCTION("""COMPUTED_VALUE"""),"SUN+TUE") -> SUN+TUE | F61: =IFERROR(__xludf.DUMMYFUNCTION("""COMPUTED_VALUE"""),"2:00 PM") -> 2:00 PM | G61: =IFERROR(__xludf.DUMMYFUNCTION("""COMPUTED_VALUE"""),"09A-05C") -> 09A-05C | H61: =IFERROR(__xludf.DUMMYFUNCTION("""COMPUTED_VALUE"""),"MNP,ASRF") -> MNP,ASRF | I61: =IFERROR(__xludf.DUMMYFUNCTION("""COMPUTED_VALUE"""),"MON") -> MON | J61: =IFERROR(__xludf.DUMMYFUNCTION("""COMPUTED_VALUE"""),"11:00 AM") -> 11:00 AM | K61: =IFERROR(__xludf.DUMMYFUNCTION("""COMPUTED_VALUE"""),"09B-10L") -> 09B-10L | M61: =IFERROR(VLOOKUP(D61,FacultyList!B:G,6,FALSE),"") -> ittehad.chowdhury@bracu.ac.bd
A62: =IFERROR(__xludf.DUMMYFUNCTION("""COMPUTED_VALUE"""),"CSE220-20") -> CSE220-20 | D62: =IFERROR(__xludf.DUMMYFUNCTION("""COMPUTED_VALUE"""),"ITTSC") -> ITTSC | E62: =IFERROR(__xludf.DUMMYFUNCTION("""COMPUTED_VALUE"""),"SUN+TUE") -> SUN+TUE | F62: =IFERROR(__xludf.DUMMYFUNCTION("""COMPUTED_VALUE"""),"3:30 PM") -> 3:30 PM | G62: =IFERROR(__xludf.DUMMYFUNCTION("""COMPUTED_VALUE"""),"09A-05C") -> 09A-05C | H62: =IFERROR(__xludf.DUMMYFUNCTION("""COMPUTED_VALUE"""),"SKIB,CSSA") -> SKIB,CSSA | I62: =IFERROR(__xludf.DUMMYFUNCTION("""COMPUTED_VALUE"""),"MON") -> MON | J62: =IFERROR(__xludf.DUMMYFUNCTION("""COMPUTED_VALUE"""),"2:00 PM") -> 2:00 PM | K62: =IFERROR(__xludf.DUMMYFUNCTION("""COMPUTED_VALUE"""),"09B-10L") -> 09B-10L | M62: =IFERROR(VLOOKUP(D62,FacultyList!B:G,6,FALSE),"") -> ittehad.chowdhury@bracu.ac.bd
A63: =IFERROR(__xludf.DUMMYFUNCTION("""COMPUTED_VALUE"""),"CSE220-21") -> CSE220-21 | D63: =IFERROR(__xludf.DUMMYFUNCTION("""COMPUTED_VALUE"""),"HFN") -> HFN | E63: =IFERROR(__xludf.DUMMYFUNCTION("""COMPUTED_VALUE"""),"SUN+TUE") -> SUN+TUE | F63: =IFERROR(__xludf.DUMMYFUNCTION("""COMPUTED_VALUE"""),"12:30 PM") -> 12:30 PM | G63: =IFERROR(__xludf.DUMMYFUNCTION("""COMPUTED_VALUE"""),"09A-03C") -> 09A-03C | H63: =IFERROR(__xludf.DUMMYFUNCTION("""COMPUTED_VALUE"""),"MZG,FDM") -> MZG,FDM | I63: =IFERROR(__xludf.DUMMYFUNCTION("""COMPUTED_VALUE"""),"MON") -> MON | J63: =IFERROR(__xludf.DUMMYFUNCTION("""COMPUTED_VALUE"""),"8:00 AM") -> 8:00 AM | K63: =IFERROR(__xludf.DUMMYFUNCTION("""COMPUTED_VALUE"""),"09B-11L") -> 09B-11L | M63: =IFERROR(VLOOKUP(D63,FacultyList!B:G,6,FALSE),"") -> araf.noshin@bracu.ac.bd
A64: =IFERROR(__xludf.DUMMYFUNCTION("""COMPUTED_VALUE"""),"CSE220-22") -> CSE220-22 | D64: =IFERROR(__xludf.DUMMYFUNCTION("""COMPUTED_VALUE"""),"RFTS") -> RFTS | E64: =IFERROR(__xludf.DUMMYFUNCTION("""COMPUTED_VALUE"""),"SAT+THU") -> SAT+THU | F64: =IFERROR(__xludf.DUMMYFUNCTION("""COMPUTED_VALUE"""),"2:00 PM") -> 2:00 PM | G64: =IFERROR(__xludf.DUMMYFUNCTION("""COMPUTED_VALUE"""),"09H-34C") -> 09H-34C | H64: =IFERROR(__xludf.DUMMYFUNCTION("""COMPUTED_VALUE"""),"ASRF,FDM") -> ASRF,FDM | I64: =IFERROR(__xludf.DUMMYFUNCTION("""COMPUTED_VALUE"""),"SUN") -> SUN | J64: =IFERROR(__xludf.DUMMYFUNCTION("""COMPUTED_VALUE"""),"8:00 AM") -> 8:00 AM | K64: =IFERROR(__xludf.DUMMYFUNCTION("""COMPUTED_VALUE"""),"09B-08L") -> 09B-08L | M64: =IFERROR(VLOOKUP(D64,FacultyList!B:G,6,FALSE),"") -> rifa.tasfiya@bracu.ac.bd
A65: =IFERROR(__xludf.DUMMYFUNCTION("""COMPUTED_VALUE"""),"CSE221-01") -> CSE221-01 | D65: =IFERROR(__xludf.DUMMYFUNCTION("""COMPUTED_VALUE"""),"MMM") -> MMM | E65: =IFERROR(__xludf.DUMMYFUNCTION("""COMPUTED_VALUE"""),"SAT+THU") -> SAT+THU | F65: =IFERROR(__xludf.DUMMYFUNCTION("""COMPUTED_VALUE"""),"8:00 AM") -> 8:00 AM | G65: =IFERROR(__xludf.DUMMYFUNCTION("""COMPUTED_VALUE"""),"07D-19C") -> 07D-19C | H65: =IFERROR(__xludf.DUMMYFUNCTION("""COMPUTED_VALUE"""),"ARD,CMHQ") -> ARD,CMHQ | I65: =IFERROR(__xludf.DUMMYFUNCTION("""COMPUTED_VALUE"""),"SUN") -> SUN | J65: =IFERROR(__xludf.DUMMYFUNCTION("""COMPUTED_VALUE"""),"8:00 AM") -> 8:00 AM | K65: =IFERROR(__xludf.DUMMYFUNCTION("""COMPUTED_VALUE"""),"09E-21L") -> 09E-21L | M65: =IFERROR(VLOOKUP(D65,FacultyList!B:G,6,FALSE),"") -> mostakim@bracu.ac.bd
A66: =IFERROR(__xludf.DUMMYFUNCTION("""COMPUTED_VALUE"""),"CSE221-02") -> CSE221-02 | D66: =IFERROR(__xludf.DUMMYFUNCTION("""COMPUTED_VALUE"""),"IBA") -> IBA | E66: =IFERROR(__xludf.DUMMYFUNCTION("""COMPUTED_VALUE"""),"SUN+TUE") -> SUN+TUE | F66: =IFERROR(__xludf.DUMMYFUNCTION("""COMPUTED_VALUE"""),"2:00 PM") -> 2:00 PM | G66: =IFERROR(__xludf.DUMMYFUNCTION("""COMPUTED_VALUE"""),"10B-13C") -> 10B-13C | H66: =IFERROR(__xludf.DUMMYFUNCTION("""COMPUTED_VALUE"""),"ARD,ANV") -> ARD,ANV | I66: =IFERROR(__xludf.DUMMYFUNCTION("""COMPUTED_VALUE"""),"SAT") -> SAT | J66: =IFERROR(__xludf.DUMMYFUNCTION("""COMPUTED_VALUE"""),"8:00 AM") -> 8:00 AM | K66: =IFERROR(__xludf.DUMMYFUNCTION("""COMPUTED_VALUE"""),"09B-08L") -> 09B-08L | M66: =IFERROR(VLOOKUP(D66,FacultyList!B:G,6,FALSE),"") -> imran.azad@bracu.ac.bd
A67: =IFERROR(__xludf.DUMMYFUNCTION("""COMPUTED_VALUE"""),"CSE221-03") -> CSE221-03 | D67: =IFERROR(__xludf.DUMMYFUNCTION("""COMPUTED_VALUE"""),"IBA") -> IBA | E67: =IFERROR(__xludf.DUMMYFUNCTION("""COMPUTED_VALUE"""),"SUN+TUE") -> SUN+TUE | F67: =IFERROR(__xludf.DUMMYFUNCTION("""COMPUTED_VALUE"""),"3:30 PM") -> 3:30 PM | G67: =IFERROR(__xludf.DUMMYFUNCTION("""COMPUTED_VALUE"""),"10B-13C") -> 10B-13C | H67: =IFERROR(__xludf.DUMMYFUNCTION("""COMPUTED_VALUE"""),"ARD,ASRF") -> ARD,ASRF | I67: =IFERROR(__xludf.DUMMYFUNCTION("""COMPUTED_VALUE"""),"SAT") -> SAT | J67: =IFERROR(__xludf.DUMMYFUNCTION("""COMPUTED_VALUE"""),"11:00 AM") -> 11:00 AM | K67: =IFERROR(__xludf.DUMMYFUNCTION("""COMPUTED_VALUE"""),"09B-08L") -> 09B-08L | M67: =IFERROR(VLOOKUP(D67,FacultyList!B:G,6,FALSE),"") -> imran.azad@bracu.ac.bd
A68: =IFERROR(__xludf.DUMMYFUNCTION("""COMPUTED_VALUE"""),"CSE221-04") -> CSE221-04 | D68: =IFERROR(__xludf.DUMMYFUNCTION("""COMPUTED_VALUE"""),"IBA") -> IBA | E68: =IFERROR(__xludf.DUMMYFUNCTION("""COMPUTED_VALUE"""),"MON+WED") -> MON+WED | F68: =IFERROR(__xludf.DUMMYFUNCTION("""COMPUTED_VALUE"""),"2:00 PM") -> 2:00 PM | G68: =IFERROR(__xludf.DUMMYFUNCTION("""COMPUTED_VALUE"""),"10B-15C") -> 10B-15C | H68: =IFERROR(__xludf.DUMMYFUNCTION("""COMPUTED_VALUE"""),"ARD,AYO") -> ARD,AYO | I68: =IFERROR(__xludf.DUMMYFUNCTION("""COMPUTED_VALUE"""),"SUN") -> SUN | J68: =IFERROR(__xludf.DUMMYFUNCTION("""COMPUTED_VALUE"""),"11:00 AM") -> 11:00 AM | K68: =IFERROR(__xludf.DUMMYFUNCTION("""COMPUTED_VALUE"""),"09E-21L") -> 09E-21L | M68: =IFERROR(VLOOKUP(D68,FacultyList!B:G,6,FALSE),"") -> imran.azad@bracu.ac.bd
A69: =IFERROR(__xludf.DUMMYFUNCTION("""COMPUTED_VALUE"""),"CSE221-05") -> CSE221-05 | D69: =IFERROR(__xludf.DUMMYFUNCTION("""COMPUTED_VALUE"""),"IBA") -> IBA | E69: =IFERROR(__xludf.DUMMYFUNCTION("""COMPUTED_VALUE"""),"MON+WED") -> MON+WED | F69: =IFERROR(__xludf.DUMMYFUNCTION("""COMPUTED_VALUE"""),"3:30 PM") -> 3:30 PM | G69: =IFERROR(__xludf.DUMMYFUNCTION("""COMPUTED_VALUE"""),"10B-15C") -> 10B-15C | H69: =IFERROR(__xludf.DUMMYFUNCTION("""COMPUTED_VALUE"""),"CAYR,AYO") -> CAYR,AYO | I69: =IFERROR(__xludf.DUMMYFUNCTION("""COMPUTED_VALUE"""),"SUN") -> SUN | J69: =IFERROR(__xludf.DUMMYFUNCTION("""COMPUTED_VALUE"""),"2:00 PM") -> 2:00 PM | K69: =IFERROR(__xludf.DUMMYFUNCTION("""COMPUTED_VALUE"""),"09F-24L") -> 09F-24L | M69: =IFERROR(VLOOKUP(D69,FacultyList!B:G,6,FALSE),"") -> imran.azad@bracu.ac.bd
A70: =IFERROR(__xludf.DUMMYFUNCTION("""COMPUTED_VALUE"""),"CSE221-06") -> CSE221-06 | D70: =IFERROR(__xludf.DUMMYFUNCTION("""COMPUTED_VALUE"""),"FGZ") -> FGZ | E70: =IFERROR(__xludf.DUMMYFUNCTION("""COMPUTED_VALUE"""),"MON+WED") -> MON+WED | F70: =IFERROR(__xludf.DUMMYFUNCTION("""COMPUTED_VALUE"""),"8:00 AM") -> 8:00 AM | G70: =IFERROR(__xludf.DUMMYFUNCTION("""COMPUTED_VALUE"""),"07H-27C") -> 07H-27C | H70: =IFERROR(__xludf.DUMMYFUNCTION("""COMPUTED_VALUE"""),"ZLNM,TAP") -> ZLNM,TAP | I70: =IFERROR(__xludf.DUMMYFUNCTION("""COMPUTED_VALUE"""),"SUN") -> SUN | J70: =IFERROR(__xludf.DUMMYFUNCTION("""COMPUTED_VALUE"""),"8:00 AM") -> 8:00 AM | K70: =IFERROR(__xludf.DUMMYFUNCTION("""COMPUTED_VALUE"""),"09F-25L") -> 09F-25L | M70: =IFERROR(VLOOKUP(D70,FacultyList!B:G,6,FALSE),"") -> fakhruddin.gazzali@bracu.ac.bd
A71: =IFERROR(__xludf.DUMMYFUNCTION("""COMPUTED_VALUE"""),"CSE221-07") -> CSE221-07 | D71: =IFERROR(__xludf.DUMMYFUNCTION("""COMPUTED_VALUE"""),"FGZ") -> FGZ | E71: =IFERROR(__xludf.DUMMYFUNCTION("""COMPUTED_VALUE"""),"MON+WED") -> MON+WED | F71: =IFERROR(__xludf.DUMMYFUNCTION("""COMPUTED_VALUE"""),"9:30 AM") -> 9:30 AM | G71: =IFERROR(__xludf.DUMMYFUNCTION("""COMPUTED_VALUE"""),"07H-27C") -> 07H-27C | H71: =IFERROR(__xludf.DUMMYFUNCTION("""COMPUTED_VALUE"""),"KKP,MRIA") -> KKP,MRIA | I71: =IFERROR(__xludf.DUMMYFUNCTION("""COMPUTED_VALUE"""),"SUN") -> SUN | J71: =IFERROR(__xludf.DUMMYFUNCTION("""COMPUTED_VALUE"""),"11:00 AM") -> 11:00 AM | K71: =IFERROR(__xludf.DUMMYFUNCTION("""COMPUTED_VALUE"""),"09F-25L") -> 09F-25L | M71: =IFERROR(VLOOKUP(D71,FacultyList!B:G,6,FALSE),"") -> fakhruddin.gazzali@bracu.ac.bd
A72: =IFERROR(__xludf.DUMMYFUNCTION("""COMPUTED_VALUE"""),"CSE221-08") -> CSE221-08 | D72: =IFERROR(__xludf.DUMMYFUNCTION("""COMPUTED_VALUE"""),"DPU") -> DPU | E72: =IFERROR(__xludf.DUMMYFUNCTION("""COMPUTED_VALUE"""),"SUN+TUE") -> SUN+TUE | F72: =IFERROR(__xludf.DUMMYFUNCTION("""COMPUTED_VALUE"""),"8:00 AM") -> 8:00 AM | G72: =IFERROR(__xludf.DUMMYFUNCTION("""COMPUTED_VALUE"""),"09A-06C") -> 09A-06C | H72: =IFERROR(__xludf.DUMMYFUNCTION("""COMPUTED_VALUE"""),"ARD,MZW") -> ARD,MZW | I72: =IFERROR(__xludf.DUMMYFUNCTION("""COMPUTED_VALUE"""),"SAT") -> SAT | J72: =IFERROR(__xludf.DUMMYFUNCTION("""COMPUTED_VALUE"""),"2:00 PM") -> 2:00 PM | K72: =IFERROR(__xludf.DUMMYFUNCTION("""COMPUTED_VALUE"""),"09B-08L") -> 09B-08L | M72: =IFERROR(VLOOKUP(D72,FacultyList!B:G,6,FALSE),"") -> shoaib.ahmed@bracu.ac.bd
A73: =IFERROR(__xludf.DUMMYFUNCTION("""COMPUTED_VALUE"""),"CSE221-09") -> CSE221-09 | D73: =IFERROR(__xludf.DUMMYFUNCTION("""COMPUTED_VALUE"""),"MUNR") -> MUNR | E73: =IFERROR(__xludf.DUMMYFUNCTION("""COMPUTED_VALUE"""),"SUN+TUE") -> SUN+TUE | F73: =IFERROR(__xludf.DUMMYFUNCTION("""COMPUTED_VALUE"""),"11:00 AM") -> 11:00 AM | G73: =IFERROR(__xludf.DUMMYFUNCTION("""COMPUTED_VALUE"""),"09H-34C") -> 09H-34C | H73: =IFERROR(__xludf.DUMMYFUNCTION("""COMPUTED_VALUE"""),"CMHH,MZW") -> CMHH,MZW | I73: =IFERROR(__xludf.DUMMYFUNCTION("""COMPUTED_VALUE"""),"SAT") -> SAT | J73: =IFERROR(__xludf.DUMMYFUNCTION("""COMPUTED_VALUE"""),"8:00 AM") -> 8:00 AM | K73: =IFERROR(__xludf.DUMMYFUNCTION("""COMPUTED_VALUE"""),"09B-09L") -> 09B-09L | M73: =IFERROR(VLOOKUP(D73,FacultyList!B:G,6,FALSE),"") -> abm.muntasir@bracu.ac.bd
A74: =IFERROR(__xludf.DUMMYFUNCTION("""COMPUTED_VALUE"""),"CSE221-10") -> CSE221-10 | D74: =IFERROR(__xludf.DUMMYFUNCTION("""COMPUTED_VALUE"""),"MUNR") -> MUNR | E74: =IFERROR(__xludf.DUMMYFUNCTION("""COMPUTED_VALUE"""),"SUN+TUE") -> SUN+TUE | F74: =IFERROR(__xludf.DUMMYFUNCTION("""COMPUTED_VALUE"""),"12:30 PM") -> 12:30 PM | G74: =IFERROR(__xludf.DUMMYFUNCTION("""COMPUTED_VALUE"""),"09H-34C") -> 09H-34C | H74: =IFERROR(__xludf.DUMMYFUNCTION("""COMPUTED_VALUE"""),"TAP,MZW") -> TAP,MZW | I74: =IFERROR(__xludf.DUMMYFUNCTION("""COMPUTED_VALUE"""),"SAT") -> SAT | J74: =IFERROR(__xludf.DUMMYFUNCTION("""COMPUTED_VALUE"""),"11:00 AM") -> 11:00 AM | K74: =IFERROR(__xludf.DUMMYFUNCTION("""COMPUTED_VALUE"""),"09B-09L") -> 09B-09L | M74: =IFERROR(VLOOKUP(D74,FacultyList!B:G,6,FALSE),"") -> abm.muntasir@bracu.ac.bd
A75: =IFERROR(__xludf.DUMMYFUNCTION("""COMPUTED_VALUE"""),"CSE221-11") -> CSE221-11 | D75: =IFERROR(__xludf.DUMMYFUNCTION("""COMPUTED_VALUE"""),"ANK") -> ANK | E75: =IFERROR(__xludf.DUMMYFUNCTION("""COMPUTED_VALUE"""),"SUN+TUE") -> SUN+TUE | F75: =IFERROR(__xludf.DUMMYFUNCTION("""COMPUTED_VALUE"""),"2:00 PM") -> 2:00 PM | G75: =IFERROR(__xludf.DUMMYFUNCTION("""COMPUTED_VALUE"""),"09C-16T") -> 09C-16T | H75: =IFERROR(__xludf.DUMMYFUNCTION("""COMPUTED_VALUE"""),"FDZ,SJM") -> FDZ,SJM | I75: =IFERROR(__xludf.DUMMYFUNCTION("""COMPUTED_VALUE"""),"SAT") -> SAT | J75: =IFERROR(__xludf.DUMMYFUNCTION("""COMPUTED_VALUE"""),"2:00 PM") -> 2:00 PM | K75: =IFERROR(__xludf.DUMMYFUNCTION("""COMPUTED_VALUE"""),"09B-09L") -> 09B-09L | M75: =IFERROR(VLOOKUP(D75,FacultyList!B:G,6,FALSE),"") -> abdullah.alnakib@bracu.ac.bd
A76: =IFERROR(__xludf.DUMMYFUNCTION("""COMPUTED_VALUE"""),"CSE221-12") -> CSE221-12 | D76: =IFERROR(__xludf.DUMMYFUNCTION("""COMPUTED_VALUE"""),"ANK") -> ANK | E76: =IFERROR(__xludf.DUMMYFUNCTION("""COMPUTED_VALUE"""),"SUN+TUE") -> SUN+TUE | F76: =IFERROR(__xludf.DUMMYFUNCTION("""COMPUTED_VALUE"""),"2:00 PM") -> 2:00 PM | G76: =IFERROR(__xludf.DUMMYFUNCTION("""COMPUTED_VALUE"""),"09C-16T") -> 09C-16T | H76: =IFERROR(__xludf.DUMMYFUNCTION("""COMPUTED_VALUE"""),"ASRF,FDZ") -> ASRF,FDZ | I76: =IFERROR(__xludf.DUMMYFUNCTION("""COMPUTED_VALUE"""),"SAT") -> SAT | J76: =IFERROR(__xludf.DUMMYFUNCTION("""COMPUTED_VALUE"""),"8:00 AM") -> 8:00 AM | K76: =IFERROR(__xludf.DUMMYFUNCTION("""COMPUTED_VALUE"""),"09B-10L") -> 09B-10L | M76: =IFERROR(VLOOKUP(D76,FacultyList!B:G,6,FALSE),"") -> abdullah.alnakib@bracu.ac.bd
A77: =IFERROR(__xludf.DUMMYFUNCTION("""COMPUTED_VALUE"""),"CSE221-13") -> CSE221-13 | D77: =IFERROR(__xludf.DUMMYFUNCTION("""COMPUTED_VALUE"""),"ANK") -> ANK | E77: =IFERROR(__xludf.DUMMYFUNCTION("""COMPUTED_VALUE"""),"SUN+TUE") -> SUN+TUE | F77: =IFERROR(__xludf.DUMMYFUNCTION("""COMPUTED_VALUE"""),"2:00 PM") -> 2:00 PM | G77: =IFERROR(__xludf.DUMMYFUNCTION("""COMPUTED_VALUE"""),"09C-16T") -> 09C-16T | H77: =IFERROR(__xludf.DUMMYFUNCTION("""COMPUTED_VALUE"""),"AKHD,MRIA") -> AKHD,MRIA | I77: =IFERROR(__xludf.DUMMYFUNCTION("""COMPUTED_VALUE"""),"SAT") -> SAT | J77: =IFERROR(__xludf.DUMMYFUNCTION("""COMPUTED_VALUE"""),"11:00 AM") -> 11:00 AM | K77: =IFERROR(__xludf.DUMMYFUNCTION("""COMPUTED_VALUE"""),"09B-10L") -> 09B-10L | M77: =IFERROR(VLOOKUP(D77,FacultyList!B:G,6,FALSE),"") -> abdullah.alnakib@bracu.ac.bd
A78: =IFERROR(__xludf.DUMMYFUNCTION("""COMPUTED_VALUE"""),"CSE221-14") -> CSE221-14 | D78: =IFERROR(__xludf.DUMMYFUNCTION("""COMPUTED_VALUE"""),"TAP") -> TAP | E78: =IFERROR(__xludf.DUMMYFUNCTION("""COMPUTED_VALUE"""),"SAT+THU") -> SAT+THU | F78: =IFERROR(__xludf.DUMMYFUNCTION("""COMPUTED_VALUE"""),"2:00 PM") -> 2:00 PM | G78: =IFERROR(__xludf.DUMMYFUNCTION("""COMPUTED_VALUE"""),"10A-10C") -> 10A-10C | H78: =IFERROR(__xludf.DUMMYFUNCTION("""COMPUTED_VALUE"""),"FGZ,ANK") -> FGZ,ANK | I78: =IFERROR(__xludf.DUMMYFUNCTION("""COMPUTED_VALUE"""),"SUN") -> SUN | J78: =IFERROR(__xludf.DUMMYFUNCTION("""COMPUTED_VALUE"""),"11:00 AM") -> 11:00 AM | K78: =IFERROR(__xludf.DUMMYFUNCTION("""COMPUTED_VALUE"""),"09F-24L") -> 09F-24L | M78: =IFERROR(VLOOKUP(D78,FacultyList!B:G,6,FALSE),"") -> tasnim.ahsan@bracu.ac.bd
A79: =IFERROR(__xludf.DUMMYFUNCTION("""COMPUTED_VALUE"""),"CSE221-15") -> CSE221-15 | D79: =IFERROR(__xludf.DUMMYFUNCTION("""COMPUTED_VALUE"""),"TAP") -> TAP | E79: =IFERROR(__xludf.DUMMYFUNCTION("""COMPUTED_VALUE"""),"SAT+THU") -> SAT+THU | F79: =IFERROR(__xludf.DUMMYFUNCTION("""COMPUTED_VALUE"""),"3:30 PM") -> 3:30 PM | G79: =IFERROR(__xludf.DUMMYFUNCTION("""COMPUTED_VALUE"""),"10A-10C") -> 10A-10C | H79: =IFERROR(__xludf.DUMMYFUNCTION("""COMPUTED_VALUE"""),"ARD,CRHB") -> ARD,CRHB | I79: =IFERROR(__xludf.DUMMYFUNCTION("""COMPUTED_VALUE"""),"SUN") -> SUN | J79: =IFERROR(__xludf.DUMMYFUNCTION("""COMPUTED_VALUE"""),"2:00 PM") -> 2:00 PM | K79: =IFERROR(__xludf.DUMMYFUNCTION("""COMPUTED_VALUE"""),"09E-21L") -> 09E-21L | M79: =IFERROR(VLOOKUP(D79,FacultyList!B:G,6,FALSE),"") -> tasnim.ahsan@bracu.ac.bd
A80: =IFERROR(__xludf.DUMMYFUNCTION("""COMPUTED_VALUE"""),"CSE221-16") -> CSE221-16 | D80: =IFERROR(__xludf.DUMMYFUNCTION("""COMPUTED_VALUE"""),"AYO") -> AYO | E80: =IFERROR(__xludf.DUMMYFUNCTION("""COMPUTED_VALUE"""),"MON+WED") -> MON+WED | F80: =IFERROR(__xludf.DUMMYFUNCTION("""COMPUTED_VALUE"""),"2:00 PM") -> 2:00 PM | G80: =IFERROR(__xludf.DUMMYFUNCTION("""COMPUTED_VALUE"""),"09B-12C") -> 09B-12C | H80: =IFERROR(__xludf.DUMMYFUNCTION("""COMPUTED_VALUE"""),"ANWE,CSYR") -> ANWE,CSYR | I80: =IFERROR(__xludf.DUMMYFUNCTION("""COMPUTED_VALUE"""),"SAT") -> SAT | J80: =IFERROR(__xludf.DUMMYFUNCTION("""COMPUTED_VALUE"""),"2:00 PM") -> 2:00 PM | K80: =IFERROR(__xludf.DUMMYFUNCTION("""COMPUTED_VALUE"""),"09B-10L") -> 09B-10L | M80: =IFERROR(VLOOKUP(D80,FacultyList!B:G,6,FALSE),"") -> ariyan.hossain@bracu.ac.bd
A81: =IFERROR(__xludf.DUMMYFUNCTION("""COMPUTED_VALUE"""),"CSE221-17") -> CSE221-17 | D81: =IFERROR(__xludf.DUMMYFUNCTION("""COMPUTED_VALUE"""),"AYO") -> AYO | E81: =IFERROR(__xludf.DUMMYFUNCTION("""COMPUTED_VALUE"""),"MON+WED") -> MON+WED | F81: =IFERROR(__xludf.DUMMYFUNCTION("""COMPUTED_VALUE"""),"3:30 PM") -> 3:30 PM | G81: =IFERROR(__xludf.DUMMYFUNCTION("""COMPUTED_VALUE"""),"09B-12C") -> 09B-12C | H81: =IFERROR(__xludf.DUMMYFUNCTION("""COMPUTED_VALUE"""),"AROY,CESF") -> AROY,CESF | I81: =IFERROR(__xludf.DUMMYFUNCTION("""COMPUTED_VALUE"""),"SAT") -> SAT | J81: =IFERROR(__xludf.DUMMYFUNCTION("""COMPUTED_VALUE"""),"8:00 AM") -> 8:00 AM | K81: =IFERROR(__xludf.DUMMYFUNCTION("""COMPUTED_VALUE"""),"09B-11L") -> 09B-11L | M81: =IFERROR(VLOOKUP(D81,FacultyList!B:G,6,FALSE),"") -> ariyan.hossain@bracu.ac.bd
A82: =IFERROR(__xludf.DUMMYFUNCTION("""COMPUTED_VALUE"""),"CSE221-19") -> CSE221-19 | D82: =IFERROR(__xludf.DUMMYFUNCTION("""COMPUTED_VALUE"""),"WHMJ") -> WHMJ | E82: =IFERROR(__xludf.DUMMYFUNCTION("""COMPUTED_VALUE"""),"SAT+THU") -> SAT+THU | F82: =IFERROR(__xludf.DUMMYFUNCTION("""COMPUTED_VALUE"""),"12:30 PM") -> 12:30 PM | G82: =IFERROR(__xludf.DUMMYFUNCTION("""COMPUTED_VALUE"""),"09D-18C") -> 09D-18C | H82: =IFERROR(__xludf.DUMMYFUNCTION("""COMPUTED_VALUE"""),"IBA,MZW") -> IBA,MZW | I82: =IFERROR(__xludf.DUMMYFUNCTION("""COMPUTED_VALUE"""),"SUN") -> SUN | J82: =IFERROR(__xludf.DUMMYFUNCTION("""COMPUTED_VALUE"""),"11:00 AM") -> 11:00 AM | K82: =IFERROR(__xludf.DUMMYFUNCTION("""COMPUTED_VALUE"""),"09E-22L") -> 09E-22L | M82: =IFERROR(VLOOKUP(D82,FacultyList!B:G,6,FALSE),"") -> wahida.mahjabin@bracu.ac.bd
A83: =IFERROR(__xludf.DUMMYFUNCTION("""COMPUTED_VALUE"""),"CSE221-20") -> CSE221-20 | D83: =IFERROR(__xludf.DUMMYFUNCTION("""COMPUTED_VALUE"""),"FBAW") -> FBAW | E83: =IFERROR(__xludf.DUMMYFUNCTION("""COMPUTED_VALUE"""),"SUN+TUE") -> SUN+TUE | F83: =IFERROR(__xludf.DUMMYFUNCTION("""COMPUTED_VALUE"""),"11:00 AM") -> 11:00 AM | G83: =IFERROR(__xludf.DUMMYFUNCTION("""COMPUTED_VALUE"""),"10B-15C") -> 10B-15C | H83: =IFERROR(__xludf.DUMMYFUNCTION("""COMPUTED_VALUE"""),"AROY,CESF") -> AROY,CESF | I83: =IFERROR(__xludf.DUMMYFUNCTION("""COMPUTED_VALUE"""),"SAT") -> SAT | J83: =IFERROR(__xludf.DUMMYFUNCTION("""COMPUTED_VALUE"""),"11:00 AM") -> 11:00 AM | K83: =IFERROR(__xludf.DUMMYFUNCTION("""COMPUTED_VALUE"""),"09B-11L") -> 09B-11L | M83: =IFERROR(VLOOKUP(D83,FacultyList!B:G,6,FALSE),"") -> faria.awal@bracu.ac.bd
A84: =IFERROR(__xludf.DUMMYFUNCTION("""COMPUTED_VALUE"""),"CSE221-21") -> CSE221-21 | D84: =IFERROR(__xludf.DUMMYFUNCTION("""COMPUTED_VALUE"""),"FBAW") -> FBAW | E84: =IFERROR(__xludf.DUMMYFUNCTION("""COMPUTED_VALUE"""),"SUN+TUE") -> SUN+TUE | F84: =IFERROR(__xludf.DUMMYFUNCTION("""COMPUTED_VALUE"""),"12:30 PM") -> 12:30 PM | G84: =IFERROR(__xludf.DUMMYFUNCTION("""COMPUTED_VALUE"""),"10B-15C") -> 10B-15C | H84: =IFERROR(__xludf.DUMMYFUNCTION("""COMPUTED_VALUE"""),"CSSA,FBAW") -> CSSA,FBAW | I84: =IFERROR(__xludf.DUMMYFUNCTION("""COMPUTED_VALUE"""),"SAT") -> SAT | J84: =IFERROR(__xludf.DUMMYFUNCTION("""COMPUTED_VALUE"""),"2:00 PM") -> 2:00 PM | K84: =IFERROR(__xludf.DUMMYFUNCTION("""COMPUTED_VALUE"""),"09B-11L") -> 09B-11L | M84: =IFERROR(VLOOKUP(D84,FacultyList!B:G,6,FALSE),"") -> faria.awal@bracu.ac.bd
A85: =IFERROR(__xludf.DUMMYFUNCTION("""COMPUTED_VALUE"""),"CSE221-22") -> CSE221-22 | D85: =IFERROR(__xludf.DUMMYFUNCTION("""COMPUTED_VALUE"""),"FBAW") -> FBAW | E85: =IFERROR(__xludf.DUMMYFUNCTION("""COMPUTED_VALUE"""),"SAT+THU") -> SAT+THU | F85: =IFERROR(__xludf.DUMMYFUNCTION("""COMPUTED_VALUE"""),"11:00 AM") -> 11:00 AM | G85: =IFERROR(__xludf.DUMMYFUNCTION("""COMPUTED_VALUE"""),"09D-17C") -> 09D-17C | H85: =IFERROR(__xludf.DUMMYFUNCTION("""COMPUTED_VALUE"""),"ZLNM,ANWE") -> ZLNM,ANWE | I85: =IFERROR(__xludf.DUMMYFUNCTION("""COMPUTED_VALUE"""),"SUN") -> SUN | J85: =IFERROR(__xludf.DUMMYFUNCTION("""COMPUTED_VALUE"""),"2:00 PM") -> 2:00 PM | K85: =IFERROR(__xludf.DUMMYFUNCTION("""COMPUTED_VALUE"""),"09E-22L") -> 09E-22L | M85: =IFERROR(VLOOKUP(D85,FacultyList!B:G,6,FALSE),"") -> faria.awal@bracu.ac.bd
A86: =IFERROR(__xludf.DUMMYFUNCTION("""COMPUTED_VALUE"""),"CSE221-23") -> CSE221-23 | D86: =IFERROR(__xludf.DUMMYFUNCTION("""COMPUTED_VALUE"""),"MZG") -> MZG | E86: =IFERROR(__xludf.DUMMYFUNCTION("""COMPUTED_VALUE"""),"SAT+THU") -> SAT+THU | F86: =IFERROR(__xludf.DUMMYFUNCTION("""COMPUTED_VALUE"""),"9:30 AM") -> 9:30 AM | G86: =IFERROR(__xludf.DUMMYFUNCTION("""COMPUTED_VALUE"""),"09A-05C") -> 09A-05C | H86: =IFERROR(__xludf.DUMMYFUNCTION("""COMPUTED_VALUE"""),"FBAW,SJM") -> FBAW,SJM | I86: =IFERROR(__xludf.DUMMYFUNCTION("""COMPUTED_VALUE"""),"SUN") -> SUN | J86: =IFERROR(__xludf.DUMMYFUNCTION("""COMPUTED_VALUE"""),"8:00 AM") -> 8:00 AM | K86: =IFERROR(__xludf.DUMMYFUNCTION("""COMPUTED_VALUE"""),"09F-24L") -> 09F-24L | M86: =IFERROR(VLOOKUP(D86,FacultyList!B:G,6,FALSE),"") -> ahmed.mayeesha@bracu.ac.bd
A87: =IFERROR(__xludf.DUMMYFUNCTION("""COMPUTED_VALUE"""),"CSE230-01") -> CSE230-01 | D87: =IFERROR(__xludf.DUMMYFUNCTION("""COMPUTED_VALUE"""),"NZRF") -> NZRF | E87: =IFERROR(__xludf.DUMMYFUNCTION("""COMPUTED_VALUE"""),"SUN+TUE") -> SUN+TUE | F87: =IFERROR(__xludf.DUMMYFUNCTION("""COMPUTED_VALUE"""),"2:00 PM") -> 2:00 PM | G87: =IFERROR(__xludf.DUMMYFUNCTION("""COMPUTED_VALUE"""),"10B-15C") -> 10B-15C | M87: =IFERROR(VLOOKUP(D87,FacultyList!B:G,6,FALSE),"") -> niaz.ashraf@bracu.ac.bd
A88: =IFERROR(__xludf.DUMMYFUNCTION("""COMPUTED_VALUE"""),"CSE230-02") -> CSE230-02 | D88: =IFERROR(__xludf.DUMMYFUNCTION("""COMPUTED_VALUE"""),"NZRF") -> NZRF | E88: =IFERROR(__xludf.DUMMYFUNCTION("""COMPUTED_VALUE"""),"SUN+TUE") -> SUN+TUE | F88: =IFERROR(__xludf.DUMMYFUNCTION("""COMPUTED_VALUE"""),"3:30 PM") -> 3:30 PM | G88: =IFERROR(__xludf.DUMMYFUNCTION("""COMPUTED_VALUE"""),"10B-15C") -> 10B-15C | M88: =IFERROR(VLOOKUP(D88,FacultyList!B:G,6,FALSE),"") -> niaz.ashraf@bracu.ac.bd
A89: =IFERROR(__xludf.DUMMYFUNCTION("""COMPUTED_VALUE"""),"CSE230-03") -> CSE230-03 | D89: =IFERROR(__xludf.DUMMYFUNCTION("""COMPUTED_VALUE"""),"NZRF") -> NZRF | E89: =IFERROR(__xludf.DUMMYFUNCTION("""COMPUTED_VALUE"""),"MON+WED") -> MON+WED | F89: =IFERROR(__xludf.DUMMYFUNCTION("""COMPUTED_VALUE"""),"3:30 PM") -> 3:30 PM | G89: =IFERROR(__xludf.DUMMYFUNCTION("""COMPUTED_VALUE"""),"10B-13C") -> 10B-13C | M89: =IFERROR(VLOOKUP(D89,FacultyList!B:G,6,FALSE),"") -> niaz.ashraf@bracu.ac.bd
A90: =IFERROR(__xludf.DUMMYFUNCTION("""COMPUTED_VALUE"""),"CSE230-04") -> CSE230-04 | D90: =IFERROR(__xludf.DUMMYFUNCTION("""COMPUTED_VALUE"""),"TSM") -> TSM | E90: =IFERROR(__xludf.DUMMYFUNCTION("""COMPUTED_VALUE"""),"MON+WED") -> MON+WED | F90: =IFERROR(__xludf.DUMMYFUNCTION("""COMPUTED_VALUE"""),"9:30 AM") -> 9:30 AM | G90: =IFERROR(__xludf.DUMMYFUNCTION("""COMPUTED_VALUE"""),"10B-15C") -> 10B-15C | M90: =IFERROR(VLOOKUP(D90,FacultyList!B:G,6,FALSE),"") -> mirza.mugdho@bracu.ac.bd
A91: =IFERROR(__xludf.DUMMYFUNCTION("""COMPUTED_VALUE"""),"CSE230-05") -> CSE230-05 | D91: =IFERROR(__xludf.DUMMYFUNCTION("""COMPUTED_VALUE"""),"TSM") -> TSM | E91: =IFERROR(__xludf.DUMMYFUNCTION("""COMPUTED_VALUE"""),"SUN+TUE") -> SUN+TUE | F91: =IFERROR(__xludf.DUMMYFUNCTION("""COMPUTED_VALUE"""),"11:00 AM") -> 11:00 AM | G91: =IFERROR(__xludf.DUMMYFUNCTION("""COMPUTED_VALUE"""),"10B-13C") -> 10B-13C | M91: =IFERROR(VLOOKUP(D91,FacultyList!B:G,6,FALSE),"") -> mirza.mugdho@bracu.ac.bd
A92: =IFERROR(__xludf.DUMMYFUNCTION("""COMPUTED_VALUE"""),"CSE230-06") -> CSE230-06 | D92: =IFERROR(__xludf.DUMMYFUNCTION("""COMPUTED_VALUE"""),"TSM") -> TSM | E92: =IFERROR(__xludf.DUMMYFUNCTION("""COMPUTED_VALUE"""),"SUN+TUE") -> SUN+TUE | F92: =IFERROR(__xludf.DUMMYFUNCTION("""COMPUTED_VALUE"""),"12:30 PM") -> 12:30 PM | G92: =IFERROR(__xludf.DUMMYFUNCTION("""COMPUTED_VALUE"""),"10B-13C") -> 10B-13C | M92: =IFERROR(VLOOKUP(D92,FacultyList!B:G,6,FALSE),"") -> mirza.mugdho@bracu.ac.bd
A93: =IFERROR(__xludf.DUMMYFUNCTION("""COMPUTED_VALUE"""),"CSE230-07") -> CSE230-07 | D93: =IFERROR(__xludf.DUMMYFUNCTION("""COMPUTED_VALUE"""),"AVB") -> AVB | E93: =IFERROR(__xludf.DUMMYFUNCTION("""COMPUTED_VALUE"""),"SAT+THU") -> SAT+THU | F93: =IFERROR(__xludf.DUMMYFUNCTION("""COMPUTED_VALUE"""),"12:30 PM") -> 12:30 PM | G93: =IFERROR(__xludf.DUMMYFUNCTION("""COMPUTED_VALUE"""),"10B-13C") -> 10B-13C | M93: =IFERROR(VLOOKUP(D93,FacultyList!B:G,6,FALSE),"") -> avinandan@bracu.ac.bd
A94: =IFERROR(__xludf.DUMMYFUNCTION("""COMPUTED_VALUE"""),"CSE230-08") -> CSE230-08 | D94: =IFERROR(__xludf.DUMMYFUNCTION("""COMPUTED_VALUE"""),"ANWE") -> ANWE | E94: =IFERROR(__xludf.DUMMYFUNCTION("""COMPUTED_VALUE"""),"SUN+TUE") -> SUN+TUE | F94: =IFERROR(__xludf.DUMMYFUNCTION("""COMPUTED_VALUE"""),"8:00 AM") -> 8:00 AM | G94: =IFERROR(__xludf.DUMMYFUNCTION("""COMPUTED_VALUE"""),"07F-22C") -> 07F-22C | M94: =IFERROR(VLOOKUP(D94,FacultyList!B:G,6,FALSE),"") -> abdullah.nayem@bracu.ac.bd
A95: =IFERROR(__xludf.DUMMYFUNCTION("""COMPUTED_VALUE"""),"CSE230-09") -> CSE230-09 | D95: =IFERROR(__xludf.DUMMYFUNCTION("""COMPUTED_VALUE"""),"FIC") -> FIC | E95: =IFERROR(__xludf.DUMMYFUNCTION("""COMPUTED_VALUE"""),"SUN+TUE") -> SUN+TUE | F95: =IFERROR(__xludf.DUMMYFUNCTION("""COMPUTED_VALUE"""),"11:00 AM") -> 11:00 AM | G95: =IFERROR(__xludf.DUMMYFUNCTION("""COMPUTED_VALUE"""),"09A-03C") -> 09A-03C | M95: =IFERROR(VLOOKUP(D95,FacultyList!B:G,6,FALSE),"") -> fatiha.ishrar@bracu.ac.bd
A96: =IFERROR(__xludf.DUMMYFUNCTION("""COMPUTED_VALUE"""),"CSE230-10") -> CSE230-10 | D96: =IFERROR(__xludf.DUMMYFUNCTION("""COMPUTED_VALUE"""),"PSMD") -> PSMD | E96: =IFERROR(__xludf.DUMMYFUNCTION("""COMPUTED_VALUE"""),"MON+WED") -> MON+WED | F96: =IFERROR(__xludf.DUMMYFUNCTION("""COMPUTED_VALUE"""),"12:30 PM") -> 12:30 PM | G96: =IFERROR(__xludf.DUMMYFUNCTION("""COMPUTED_VALUE"""),"09A-06C") -> 09A-06C | M96: =IFERROR(VLOOKUP(D96,FacultyList!B:G,6,FALSE),"") -> prothito.shovon@bracu.ac.bd
A97: =IFERROR(__xludf.DUMMYFUNCTION("""COMPUTED_VALUE"""),"CSE230-11") -> CSE230-11 | D97: =IFERROR(__xludf.DUMMYFUNCTION("""COMPUTED_VALUE"""),"PSMD") -> PSMD | E97: =IFERROR(__xludf.DUMMYFUNCTION("""COMPUTED_VALUE"""),"MON+WED") -> MON+WED | F97: =IFERROR(__xludf.DUMMYFUNCTION("""COMPUTED_VALUE"""),"2:00 PM") -> 2:00 PM | G97: =IFERROR(__xludf.DUMMYFUNCTION("""COMPUTED_VALUE"""),"09A-06C") -> 09A-06C | M97: =IFERROR(VLOOKUP(D97,FacultyList!B:G,6,FALSE),"") -> prothito.shovon@bracu.ac.bd
A98: =IFERROR(__xludf.DUMMYFUNCTION("""COMPUTED_VALUE"""),"CSE230-12") -> CSE230-12 | D98: =IFERROR(__xludf.DUMMYFUNCTION("""COMPUTED_VALUE"""),"QUZA") -> QUZA | E98: =IFERROR(__xludf.DUMMYFUNCTION("""COMPUTED_VALUE"""),"SUN+TUE") -> SUN+TUE | F98: =IFERROR(__xludf.DUMMYFUNCTION("""COMPUTED_VALUE"""),"9:30 AM") -> 9:30 AM | G98: =IFERROR(__xludf.DUMMYFUNCTION("""COMPUTED_VALUE"""),"09B-12C") -> 09B-12C | M98: =IFERROR(VLOOKUP(D98,FacultyList!B:G,6,FALSE),"") -> quazi.ashikur@bracu.ac.bd
A99: =IFERROR(__xludf.DUMMYFUNCTION("""COMPUTED_VALUE"""),"CSE230-13") -> CSE230-13 | D99: =IFERROR(__xludf.DUMMYFUNCTION("""COMPUTED_VALUE"""),"QUZA") -> QUZA | E99: =IFERROR(__xludf.DUMMYFUNCTION("""COMPUTED_VALUE"""),"SUN+TUE") -> SUN+TUE | F99: =IFERROR(__xludf.DUMMYFUNCTION("""COMPUTED_VALUE"""),"11:00 AM") -> 11:00 AM | G99: =IFERROR(__xludf.DUMMYFUNCTION("""COMPUTED_VALUE"""),"09B-12C") -> 09B-12C | M99: =IFERROR(VLOOKUP(D99,FacultyList!B:G,6,FALSE),"") -> quazi.ashikur@bracu.ac.bd
A100: =IFERROR(__xludf.DUMMYFUNCTION("""COMPUTED_VALUE"""),"CSE230-14") -> CSE230-14 | D100: =IFERROR(__xludf.DUMMYFUNCTION("""COMPUTED_VALUE"""),"FARS") -> FARS | E100: =IFERROR(__xludf.DUMMYFUNCTION("""COMPUTED_VALUE"""),"SUN+TUE") -> SUN+TUE | F100: =IFERROR(__xludf.DUMMYFUNCTION("""COMPUTED_VALUE"""),"9:30 AM") -> 9:30 AM | G100: =IFERROR(__xludf.DUMMYFUNCTION("""COMPUTED_VALUE"""),"09A-04C") -> 09A-04C | M100: =IFERROR(VLOOKUP(D100,FacultyList!B:G,6,FALSE),"") -> farhan.shahriar@bracu.ac.bd
...

Sheet FacultyList
B1: Initial | C1: Name | D1: Designation | E1: Status | F1: Room | G1: Email
B2: TBA | C2: To Be Announced
B3: TBC | C3: To Be Announced (CSE)
B4: TBE | C4: To Be Announced (EEE)
A5: {=IF(ISBLANK(B5),,HYPERLINK("https://docs.google.com/spreadsheets/d/1aZ_8do2w3aA382MhZyJKG5amXZ6fpthJYoLsdM9x0gU/edit?gid="&XLOOKUP(B5,ID___!A:A,ID___!B:B,"")&"#gid="&XLOOKUP(B5,ID___!A:A,ID___!B:B,"")&"&range=A1:J1","Click"))} -> Click | B5: =IFERROR(__xludf.DUMMYFUNCTION("QUERY( IMPORTRANGE(Links!B8, ""Load!A5:T500""), ""SELECT Col19, Col12, Col15, Col16, Col17, Col13 WHERE Col4 > 1 AND Col1 IS NOT NULL ORDER BY Col20, Col19"", 0 )"),"AAR") -> AAR | C5: =IFERROR(__xludf.DUMMYFUNCTION("""COMPUTED_VALUE"""),"Mr. Annajiat Alim Rasel") -> Mr. Annajiat Alim Rasel | D5: =IFERROR(__xludf.DUMMYFUNCTION("""COMPUTED_VALUE"""),"Senior Lecturer") -> Senior Lecturer | E5: =IFERROR(__xludf.DUMMYFUNCTION("""COMPUTED_VALUE"""),"Full Time") -> Full Time | F5: =IFERROR(__xludf.DUMMYFUNCTION("""COMPUTED_VALUE"""),"4G20") -> 4G20 | G5: =IFERROR(__xludf.DUMMYFUNCTION("""COMPUTED_VALUE"""),"annajiat@bracu.ac.bd") -> annajiat@bracu.ac.bd
A6: {=IF(ISBLANK(B6),,HYPERLINK("https://docs.google.com/spreadsheets/d/1aZ_8do2w3aA382MhZyJKG5amXZ6fpthJYoLsdM9x0gU/edit?gid="&XLOOKUP(B6,ID___!A:A,ID___!B:B,"")&"#gid="&XLOOKUP(B6,ID___!A:A,ID___!B:B,"")&"&range=A1:J1","Click"))} -> Click | B6: =IFERROR(__xludf.DUMMYFUNCTION("""COMPUTED_VALUE"""),"ACH") -> ACH | C6: =IFERROR(__xludf.DUMMYFUNCTION("""COMPUTED_VALUE"""),"Dr. Amitabha Chakrabarty") -> Dr. Amitabha Chakrabarty | D6: =IFERROR(__xludf.DUMMYFUNCTION("""COMPUTED_VALUE"""),"Professor") -> Professor | E6: =IFERROR(__xludf.DUMMYFUNCTION("""COMPUTED_VALUE"""),"Full Time") -> Full Time | F6: =IFERROR(__xludf.DUMMYFUNCTION("""COMPUTED_VALUE"""),"4G25") -> 4G25 | G6: =IFERROR(__xludf.DUMMYFUNCTION("""COMPUTED_VALUE"""),"amitabha@bracu.ac.bd") -> amitabha@bracu.ac.bd
A7: {=IF(ISBLANK(B7),,HYPERLINK("https://docs.google.com/spreadsheets/d/1aZ_8do2w3aA382MhZyJKG5amXZ6fpthJYoLsdM9x0gU/edit?gid="&XLOOKUP(B7,ID___!A:A,ID___!B:B,"")&"#gid="&XLOOKUP(B7,ID___!A:A,ID___!B:B,"")&"&range=A1:J1","Click"))} -> Click | B7: =IFERROR(__xludf.DUMMYFUNCTION("""COMPUTED_VALUE"""),"ADU") -> ADU | C7: =IFERROR(__xludf.DUMMYFUNCTION("""COMPUTED_VALUE"""),"Mr. Ahmed Mahir Ruhan") -> Mr. Ahmed Mahir Ruhan | D7: =IFERROR(__xludf.DUMMYFUNCTION("""COMPUTED_VALUE"""),"Lecturer") -> Lecturer | E7: =IFERROR(__xludf.DUMMYFUNCTION("""COMPUTED_VALUE"""),"Full Time") -> Full Time | F7: =IFERROR(__xludf.DUMMYFUNCTION("""COMPUTED_VALUE"""),"4L93") -> 4L93 | G7: =IFERROR(__xludf.DUMMYFUNCTION("""COMPUTED_VALUE"""),"ahmed.ruhan@bracu.ac.bd") -> ahmed.ruhan@bracu.ac.bd
A8: {=IF(ISBLANK(B8),,HYPERLINK("https://docs.google.com/spreadsheets/d/1aZ_8do2w3aA382MhZyJKG5amXZ6fpthJYoLsdM9x0gU/edit?gid="&XLOOKUP(B8,ID___!A:A,ID___!B:B,"")&"#gid="&XLOOKUP(B8,ID___!A:A,ID___!B:B,"")&"&range=A1:J1","Click"))} -> Click | B8: =IFERROR(__xludf.DUMMYFUNCTION("""COMPUTED_VALUE"""),"AFA") -> AFA | C8: =IFERROR(__xludf.DUMMYFUNCTION("""COMPUTED_VALUE"""),"Afroza Akhter") -> Afroza Akhter | D8: =IFERROR(__xludf.DUMMYFUNCTION("""COMPUTED_VALUE"""),"Lecturer") -> Lecturer | E8: =IFERROR(__xludf.DUMMYFUNCTION("""COMPUTED_VALUE"""),"Full Time") -> Full Time | F8: =IFERROR(__xludf.DUMMYFUNCTION("""COMPUTED_VALUE"""),"4K79") -> 4K79 | G8: =IFERROR(__xludf.DUMMYFUNCTION("""COMPUTED_VALUE"""),"afroza.akther@bracu.ac.bd") -> afroza.akther@bracu.ac.bd
A9: {=IF(ISBLANK(B9),,HYPERLINK("https://docs.google.com/spreadsheets/d/1aZ_8do2w3aA382MhZyJKG5amXZ6fpthJYoLsdM9x0gU/edit?gid="&XLOOKUP(B9,ID___!A:A,ID___!B:B,"")&"#gid="&XLOOKUP(B9,ID___!A:A,ID___!B:B,"")&"&range=A1:J1","Click"))} -> Click | B9: =IFERROR(__xludf.DUMMYFUNCTION("""COMPUTED_VALUE"""),"AFQ") -> AFQ | C9: =IFERROR(__xludf.DUMMYFUNCTION("""COMPUTED_VALUE"""),"Mohammed Ashfaqul Haque") -> Mohammed Ashfaqul Haque | D9: =IFERROR(__xludf.DUMMYFUNCTION("""COMPUTED_VALUE"""),"Lecturer") -> Lecturer | E9: =IFERROR(__xludf.DUMMYFUNCTION("""COMPUTED_VALUE"""),"Full Time") -> Full Time | F9: =IFERROR(__xludf.DUMMYFUNCTION("""COMPUTED_VALUE"""),"4N137") -> 4N137 | G9: =IFERROR(__xludf.DUMMYFUNCTION("""COMPUTED_VALUE"""),"ashfaqul.haque@bracu.ac.bd") -> ashfaqul.haque@bracu.ac.bd
A10: {=IF(ISBLANK(B10),,HYPERLINK("https://docs.google.com/spreadsheets/d/1aZ_8do2w3aA382MhZyJKG5amXZ6fpthJYoLsdM9x0gU/edit?gid="&XLOOKUP(B10,ID___!A:A,ID___!B:B,"")&"#gid="&XLOOKUP(B10,ID___!A:A,ID___!B:B,"")&"&range=A1:J1","Click"))} -> Click | B10: =IFERROR(__xludf.DUMMYFUNCTION("""COMPUTED_VALUE"""),"AIB") -> AIB | C10: =IFERROR(__xludf.DUMMYFUNCTION("""COMPUTED_VALUE"""),"Mr. Md. Abu Ibrahim") -> Mr. Md. Abu Ibrahim | D10: =IFERROR(__xludf.DUMMYFUNCTION("""COMPUTED_VALUE"""),"Lecturer") -> Lecturer | E10: =IFERROR(__xludf.DUMMYFUNCTION("""COMPUTED_VALUE"""),"Full Time") -> Full Time | F10: =IFERROR(__xludf.DUMMYFUNCTION("""COMPUTED_VALUE"""),"4J59") -> 4J59 | G10: =IFERROR(__xludf.DUMMYFUNCTION("""COMPUTED_VALUE"""),"abu.ibrahim@bracu.ac.bd") -> abu.ibrahim@bracu.ac.bd
A11: {=IF(ISBLANK(B11),,HYPERLINK("https://docs.google.com/spreadsheets/d/1aZ_8do2w3aA382MhZyJKG5amXZ6fpthJYoLsdM9x0gU/edit?gid="&XLOOKUP(B11,ID___!A:A,ID___!B:B,"")&"#gid="&XLOOKUP(B11,ID___!A:A,ID___!B:B,"")&"&range=A1:J1","Click"))} -> Click | B11: =IFERROR(__xludf.DUMMYFUNCTION("""COMPUTED_VALUE"""),"AJA") -> AJA | C11: =IFERROR(__xludf.DUMMYFUNCTION("""COMPUTED_VALUE"""),"Mr. Abid Jahan Apon") -> Mr. Abid Jahan Apon | D11: =IFERROR(__xludf.DUMMYFUNCTION("""COMPUTED_VALUE"""),"Lecturer") -> Lecturer | E11: =IFERROR(__xludf.DUMMYFUNCTION("""COMPUTED_VALUE"""),"Full Time") -> Full Time | F11: =IFERROR(__xludf.DUMMYFUNCTION("""COMPUTED_VALUE"""),"4M116") -> 4M116 | G11: =IFERROR(__xludf.DUMMYFUNCTION("""COMPUTED_VALUE"""),"abid.jahan@bracu.ac.bd") -> abid.jahan@bracu.ac.bd
A12: {=IF(ISBLANK(B12),,HYPERLINK("https://docs.google.com/spreadsheets/d/1aZ_8do2w3aA382MhZyJKG5amXZ6fpthJYoLsdM9x0gU/edit?gid="&XLOOKUP(B12,ID___!A:A,ID___!B:B,"")&"#gid="&XLOOKUP(B12,ID___!A:A,ID___!B:B,"")&"&range=A1:J1","Click"))} -> Click | B12: =IFERROR(__xludf.DUMMYFUNCTION("""COMPUTED_VALUE"""),"AKJ") -> AKJ | C12: =IFERROR(__xludf.DUMMYFUNCTION("""COMPUTED_VALUE"""),"Akib Anjum") -> Akib Anjum | D12: =IFERROR(__xludf.DUMMYFUNCTION("""COMPUTED_VALUE"""),"Lecturer") -> Lecturer | E12: =IFERROR(__xludf.DUMMYFUNCTION("""COMPUTED_VALUE"""),"Full Time") -> Full Time | F12: =IFERROR(__xludf.DUMMYFUNCTION("""COMPUTED_VALUE"""),"4N161") -> 4N161 | G12: =IFERROR(__xludf.DUMMYFUNCTION("""COMPUTED_VALUE"""),"anjum.akib@bracu.ac.bd") -> anjum.akib@bracu.ac.bd
A13: {=IF(ISBLANK(B13),,HYPERLINK("https://docs.google.com/spreadsheets/d/1aZ_8do2w3aA382MhZyJKG5amXZ6fpthJYoLsdM9x0gU/edit?gid="&XLOOKUP(B13,ID___!A:A,ID___!B:B,"")&"#gid="&XLOOKUP(B13,ID___!A:A,ID___!B:B,"")&"&range=A1:J1","Click"))} -> Click | B13: =IFERROR(__xludf.DUMMYFUNCTION("""COMPUTED_VALUE"""),"AKTD") -> AKTD | C13: =IFERROR(__xludf.DUMMYFUNCTION("""COMPUTED_VALUE"""),"Md. Akhtaruzaman Adnan") -> Md. Akhtaruzaman Adnan | D13: =IFERROR(__xludf.DUMMYFUNCTION("""COMPUTED_VALUE"""),"Senior Lecturer") -> Senior Lecturer | E13: =IFERROR(__xludf.DUMMYFUNCTION("""COMPUTED_VALUE"""),"Full Time") -> Full Time | F13: =IFERROR(__xludf.DUMMYFUNCTION("""COMPUTED_VALUE"""),"4G16") -> 4G16 | G13: =IFERROR(__xludf.DUMMYFUNCTION("""COMPUTED_VALUE"""),"akhtaruzzaman.adnan@bracu.ac.bd") -> akhtaruzzaman.adnan@bracu.ac.bd
A14: {=IF(ISBLANK(B14),,HYPERLINK("https://docs.google.com/spreadsheets/d/1aZ_8do2w3aA382MhZyJKG5amXZ6fpthJYoLsdM9x0gU/edit?gid="&XLOOKUP(B14,ID___!A:A,ID___!B:B,"")&"#gid="&XLOOKUP(B14,ID___!A:A,ID___!B:B,"")&"&range=A1:J1","Click"))} -> Click | B14: =IFERROR(__xludf.DUMMYFUNCTION("""COMPUTED_VALUE"""),"ALB") -> ALB | C14: =IFERROR(__xludf.DUMMYFUNCTION("""COMPUTED_VALUE"""),"Anindita Labonno") -> Anindita Labonno | D14: =IFERROR(__xludf.DUMMYFUNCTION("""COMPUTED_VALUE"""),"Lecturer") -> Lecturer | E14: =IFERROR(__xludf.DUMMYFUNCTION("""COMPUTED_VALUE"""),"Full Time") -> Full Time | F14: =IFERROR(__xludf.DUMMYFUNCTION("""COMPUTED_VALUE"""),"4L88") -> 4L88 | G14: =IFERROR(__xludf.DUMMYFUNCTION("""COMPUTED_VALUE"""),"anindita.labonno@bracu.ac.bd") -> anindita.labonno@bracu.ac.bd
A15: {=IF(ISBLANK(B15),,HYPERLINK("https://docs.google.com/spreadsheets/d/1aZ_8do2w3aA382MhZyJKG5amXZ6fpthJYoLsdM9x0gU/edit?gid="&XLOOKUP(B15,ID___!A:A,ID___!B:B,"")&"#gid="&XLOOKUP(B15,ID___!A:A,ID___!B:B,"")&"&range=A1:J1","Click"))} -> Click | B15: =IFERROR(__xludf.DUMMYFUNCTION("""COMPUTED_VALUE"""),"AMK") -> AMK | C15: =IFERROR(__xludf.DUMMYFUNCTION("""COMPUTED_VALUE"""),"Dr. Abu Mohammad Khan") -> Dr. Abu Mohammad Khan | D15: =IFERROR(__xludf.DUMMYFUNCTION("""COMPUTED_VALUE"""),"Associate Professor") -> Associate Professor | E15: =IFERROR(__xludf.DUMMYFUNCTION("""COMPUTED_VALUE"""),"Full Time") -> Full Time | F15: =IFERROR(__xludf.DUMMYFUNCTION("""COMPUTED_VALUE"""),"4G26") -> 4G26 | G15: =IFERROR(__xludf.DUMMYFUNCTION("""COMPUTED_VALUE"""),"abu.khan@bracu.ac.bd") -> abu.khan@bracu.ac.bd
A16: {=IF(ISBLANK(B16),,HYPERLINK("https://docs.google.com/spreadsheets/d/1aZ_8do2w3aA382MhZyJKG5amXZ6fpthJYoLsdM9x0gU/edit?gid="&XLOOKUP(B16,ID___!A:A,ID___!B:B,"")&"#gid="&XLOOKUP(B16,ID___!A:A,ID___!B:B,"")&"&range=A1:J1","Click"))} -> Click | B16: =IFERROR(__xludf.DUMMYFUNCTION("""COMPUTED_VALUE"""),"ANK") -> ANK | C16: =IFERROR(__xludf.DUMMYFUNCTION("""COMPUTED_VALUE"""),"Mr. Abdullah Al Nakib") -> Mr. Abdullah Al Nakib | D16: =IFERROR(__xludf.DUMMYFUNCTION("""COMPUTED_VALUE"""),"Lecturer") -> Lecturer | E16: =IFERROR(__xludf.DUMMYFUNCTION("""COMPUTED_VALUE"""),"Full Time") -> Full Time | F16: =IFERROR(__xludf.DUMMYFUNCTION("""COMPUTED_VALUE"""),"4J58") -> 4J58 | G16: =IFERROR(__xludf.DUMMYFUNCTION("""COMPUTED_VALUE"""),"abdullah.alnakib@bracu.ac.bd") -> abdullah.alnakib@bracu.ac.bd
A17: {=IF(ISBLANK(B17),,HYPERLINK("https://docs.google.com/spreadsheets/d/1aZ_8do2w3aA382MhZyJKG5amXZ6fpthJYoLsdM9x0gU/edit?gid="&XLOOKUP(B17,ID___!A:A,ID___!B:B,"")&"#gid="&XLOOKUP(B17,ID___!A:A,ID___!B:B,"")&"&range=A1:J1","Click"))} -> Click | B17: =IFERROR(__xludf.DUMMYFUNCTION("""COMPUTED_VALUE"""),"ANKH") -> ANKH | C17: =IFERROR(__xludf.DUMMYFUNCTION("""COMPUTED_VALUE"""),"Anika Ahmed") -> Anika Ahmed | D17: =IFERROR(__xludf.DUMMYFUNCTION("""COMPUTED_VALUE"""),"Lecturer") -> Lecturer | E17: =IFERROR(__xludf.DUMMYFUNCTION("""COMPUTED_VALUE"""),"Full Time") -> Full Time | F17: =IFERROR(__xludf.DUMMYFUNCTION("""COMPUTED_VALUE"""),"4K72") -> 4K72 | G17: =IFERROR(__xludf.DUMMYFUNCTION("""COMPUTED_VALUE"""),"anika.ahmed@bracu.ac.bd") -> anika.ahmed@bracu.ac.bd
A18: {=IF(ISBLANK(B18),,HYPERLINK("https://docs.google.com/spreadsheets/d/1aZ_8do2w3aA382MhZyJKG5amXZ6fpthJYoLsdM9x0gU/edit?gid="&XLOOKUP(B18,ID___!A:A,ID___!B:B,"")&"#gid="&XLOOKUP(B18,ID___!A:A,ID___!B:B,"")&"&range=A1:J1","Click"))} -> Click | B18: =IFERROR(__xludf.DUMMYFUNCTION("""COMPUTED_VALUE"""),"ANWE") -> ANWE | C18: =IFERROR(__xludf.DUMMYFUNCTION("""COMPUTED_VALUE"""),"Abdullah Nayem Wasi Emran") -> Abdullah Nayem Wasi Emran | D18: =IFERROR(__xludf.DUMMYFUNCTION("""COMPUTED_VALUE"""),"Lecturer") -> Lecturer | E18: =IFERROR(__xludf.DUMMYFUNCTION("""COMPUTED_VALUE"""),"Full Time") -> Full Time | F18: =IFERROR(__xludf.DUMMYFUNCTION("""COMPUTED_VALUE"""),"4N146") -> 4N146 | G18: =IFERROR(__xludf.DUMMYFUNCTION("""COMPUTED_VALUE"""),"abdullah.nayem@bracu.ac.bd") -> abdullah.nayem@bracu.ac.bd
A19: {=IF(ISBLANK(B19),,HYPERLINK("https://docs.google.com/spreadsheets/d/1aZ_8do2w3aA382MhZyJKG5amXZ6fpthJYoLsdM9x0gU/edit?gid="&XLOOKUP(B19,ID___!A:A,ID___!B:B,"")&"#gid="&XLOOKUP(B19,ID___!A:A,ID___!B:B,"")&"&range=A1:J1","Click"))} -> Click | B19: =IFERROR(__xludf.DUMMYFUNCTION("""COMPUTED_VALUE"""),"AQT") -> AQT | C19: =IFERROR(__xludf.DUMMYFUNCTION("""COMPUTED_VALUE"""),"Aniqa Tabassum") -> Aniqa Tabassum | D19: =IFERROR(__xludf.DUMMYFUNCTION("""COMPUTED_VALUE"""),"Lecturer") -> Lecturer | E19: =IFERROR(__xludf.DUMMYFUNCTION("""COMPUTED_VALUE"""),"Full Time") -> Full Time | F19: =IFERROR(__xludf.DUMMYFUNCTION("""COMPUTED_VALUE"""),"4N150") -> 4N150 | G19: =IFERROR(__xludf.DUMMYFUNCTION("""COMPUTED_VALUE"""),"aniqa.tabassum@bracu.ac.bd") -> aniqa.tabassum@bracu.ac.bd
A20: {=IF(ISBLANK(B20),,HYPERLINK("https://docs.google.com/spreadsheets/d/1aZ_8do2w3aA382MhZyJKG5amXZ6fpthJYoLsdM9x0gU/edit?gid="&XLOOKUP(B20,ID___!A:A,ID___!B:B,"")&"#gid="&XLOOKUP(B20,ID___!A:A,ID___!B:B,"")&"&range=A1:J1","Click"))} -> Click | B20: =IFERROR(__xludf.DUMMYFUNCTION("""COMPUTED_VALUE"""),"AQU") -> AQU | C20: =IFERROR(__xludf.DUMMYFUNCTION("""COMPUTED_VALUE"""),"Mr. Md. Aquib Azmain") -> Mr. Md. Aquib Azmain | D20: =IFERROR(__xludf.DUMMYFUNCTION("""COMPUTED_VALUE"""),"Senior Lecturer") -> Senior Lecturer | E20: =IFERROR(__xludf.DUMMYFUNCTION("""COMPUTED_VALUE"""),"Full Time") -> Full Time | F20: =IFERROR(__xludf.DUMMYFUNCTION("""COMPUTED_VALUE"""),"4M104") -> 4M104 | G20: =IFERROR(__xludf.DUMMYFUNCTION("""COMPUTED_VALUE"""),"aquib.azmain@bracu.ac.bd") -> aquib.azmain@bracu.ac.bd
A21: {=IF(ISBLANK(B21),,HYPERLINK("https://docs.google.com/spreadsheets/d/1aZ_8do2w3aA382MhZyJKG5amXZ6fpthJYoLsdM9x0gU/edit?gid="&XLOOKUP(B21,ID___!A:A,ID___!B:B,"")&"#gid="&XLOOKUP(B21,ID___!A:A,ID___!B:B,"")&"&range=A1:J1","Click"))} -> Click | B21: =IFERROR(__xludf.DUMMYFUNCTION("""COMPUTED_VALUE"""),"ARD") -> ARD | C21: =IFERROR(__xludf.DUMMYFUNCTION("""COMPUTED_VALUE"""),"Mr. Ayman Rasheed") -> Mr. Ayman Rasheed | D21: =IFERROR(__xludf.DUMMYFUNCTION("""COMPUTED_VALUE"""),"Lecturer") -> Lecturer | E21: =IFERROR(__xludf.DUMMYFUNCTION("""COMPUTED_VALUE"""),"Full Time") -> Full Time | F21: =IFERROR(__xludf.DUMMYFUNCTION("""COMPUTED_VALUE"""),"4M129") -> 4M129 | G21: =IFERROR(__xludf.DUMMYFUNCTION("""COMPUTED_VALUE"""),"ayman.rasheed@bracu.ac.bd") -> ayman.rasheed@bracu.ac.bd
A22: {=IF(ISBLANK(B22),,HYPERLINK("https://docs.google.com/spreadsheets/d/1aZ_8do2w3aA382MhZyJKG5amXZ6fpthJYoLsdM9x0gU/edit?gid="&XLOOKUP(B22,ID___!A:A,ID___!B:B,"")&"#gid="&XLOOKUP(B22,ID___!A:A,ID___!B:B,"")&"&range=A1:J1","Click"))} -> Click | B22: =IFERROR(__xludf.DUMMYFUNCTION("""COMPUTED_VALUE"""),"ARF") -> ARF | C22: =IFERROR(__xludf.DUMMYFUNCTION("""COMPUTED_VALUE"""),"Mr. Arif Shakil") -> Mr. Arif Shakil | D22: =IFERROR(__xludf.DUMMYFUNCTION("""COMPUTED_VALUE"""),"Senior Lecturer") -> Senior Lecturer | E22: =IFERROR(__xludf.DUMMYFUNCTION("""COMPUTED_VALUE"""),"Full Time") -> Full Time | F22: =IFERROR(__xludf.DUMMYFUNCTION("""COMPUTED_VALUE"""),"4G03") -> 4G03 | G22: =IFERROR(__xludf.DUMMYFUNCTION("""COMPUTED_VALUE"""),"arif.shakil@bracu.ac.bd") -> arif.shakil@bracu.ac.bd
A23: {=IF(ISBLANK(B23),,HYPERLINK("https://docs.google.com/spreadsheets/d/1aZ_8do2w3aA382MhZyJKG5amXZ6fpthJYoLsdM9x0gU/edit?gid="&XLOOKUP(B23,ID___!A:A,ID___!B:B,"")&"#gid="&XLOOKUP(B23,ID___!A:A,ID___!B:B,"")&"&range=A1:J1","Click"))} -> Click | B23: =IFERROR(__xludf.DUMMYFUNCTION("""COMPUTED_VALUE"""),"ART") -> ART | C23: =IFERROR(__xludf.DUMMYFUNCTION("""COMPUTED_VALUE"""),"Atanu Roy") -> Atanu Roy | D23: =IFERROR(__xludf.DUMMYFUNCTION("""COMPUTED_VALUE"""),"Lecturer") -> Lecturer | E23: =IFERROR(__xludf.DUMMYFUNCTION("""COMPUTED_VALUE"""),"Full Time") -> Full Time | F23: =IFERROR(__xludf.DUMMYFUNCTION("""COMPUTED_VALUE"""),"4M126") -> 4M126 | G23: =IFERROR(__xludf.DUMMYFUNCTION("""COMPUTED_VALUE"""),"atanu.roy@bracu.ac.bd") -> atanu.roy@bracu.ac.bd
A24: {=IF(ISBLANK(B24),,HYPERLINK("https://docs.google.com/spreadsheets/d/1aZ_8do2w3aA382MhZyJKG5amXZ6fpthJYoLsdM9x0gU/edit?gid="&XLOOKUP(B24,ID___!A:A,ID___!B:B,"")&"#gid="&XLOOKUP(B24,ID___!A:A,ID___!B:B,"")&"&range=A1:J1","Click"))} -> Click | B24: =IFERROR(__xludf.DUMMYFUNCTION("""COMPUTED_VALUE"""),"ASA") -> ASA | C24: =IFERROR(__xludf.DUMMYFUNCTION("""COMPUTED_VALUE"""),"Dr. Md. Ashraful Alam") -> Dr. Md. Ashraful Alam | D24: =IFERROR(__xludf.DUMMYFUNCTION("""COMPUTED_VALUE"""),"Associate Professor") -> Associate Professor | E24: =IFERROR(__xludf.DUMMYFUNCTION("""COMPUTED_VALUE"""),"Full Time") -> Full Time | F24: =IFERROR(__xludf.DUMMYFUNCTION("""COMPUTED_VALUE"""),"4G24") -> 4G24 | G24: =IFERROR(__xludf.DUMMYFUNCTION("""COMPUTED_VALUE"""),"ashraful.alam@bracu.ac.bd") -> ashraful.alam@bracu.ac.bd
A25: {=IF(ISBLANK(B25),,HYPERLINK("https://docs.google.com/spreadsheets/d/1aZ_8do2w3aA382MhZyJKG5amXZ6fpthJYoLsdM9x0gU/edit?gid="&XLOOKUP(B25,ID___!A:A,ID___!B:B,"")&"#gid="&XLOOKUP(B25,ID___!A:A,ID___!B:B,"")&"&range=A1:J1","Click"))} -> Click | B25: =IFERROR(__xludf.DUMMYFUNCTION("""COMPUTED_VALUE"""),"ASAK") -> ASAK | C25: =IFERROR(__xludf.DUMMYFUNCTION("""COMPUTED_VALUE"""),"Arnob Saha Ankon") -> Arnob Saha Ankon | D25: =IFERROR(__xludf.DUMMYFUNCTION("""COMPUTED_VALUE"""),"Lecturer") -> Lecturer | E25: =IFERROR(__xludf.DUMMYFUNCTION("""COMPUTED_VALUE"""),"Full Time") -> Full Time | F25: =IFERROR(__xludf.DUMMYFUNCTION("""COMPUTED_VALUE"""),"4M102") -> 4M102 | G25: =IFERROR(__xludf.DUMMYFUNCTION("""COMPUTED_VALUE"""),"arnob.ankon@bracu.ac.bd") -> arnob.ankon@bracu.ac.bd
A26: {=IF(ISBLANK(B26),,HYPERLINK("https://docs.google.com/spreadsheets/d/1aZ_8do2w3aA382MhZyJKG5amXZ6fpthJYoLsdM9x0gU/edit?gid="&XLOOKUP(B26,ID___!A:A,ID___!B:B,"")&"#gid="&XLOOKUP(B26,ID___!A:A,ID___!B:B,"")&"&range=A1:J1","Click"))} -> Click | B26: =IFERROR(__xludf.DUMMYFUNCTION("""COMPUTED_VALUE"""),"ASRF") -> ASRF | C26: =IFERROR(__xludf.DUMMYFUNCTION("""COMPUTED_VALUE"""),"Ashraful Islam Shanto Sikder") -> Ashraful Islam Shanto Sikder | D26: =IFERROR(__xludf.DUMMYFUNCTION("""COMPUTED_VALUE"""),"Lecturer") -> Lecturer | E26: =IFERROR(__xludf.DUMMYFUNCTION("""COMPUTED_VALUE"""),"Full Time") -> Full Time | F26: =IFERROR(__xludf.DUMMYFUNCTION("""COMPUTED_VALUE"""),"4P173") -> 4P173 | G26: =IFERROR(__xludf.DUMMYFUNCTION("""COMPUTED_VALUE"""),"ashraful.islam@bracu.ac.bd") -> ashraful.islam@bracu.ac.bd
A27: {=IF(ISBLANK(B27),,HYPERLINK("https://docs.google.com/spreadsheets/d/1aZ_8do2w3aA382MhZyJKG5amXZ6fpthJYoLsdM9x0gU/edit?gid="&XLOOKUP(B27,ID___!A:A,ID___!B:B,"")&"#gid="&XLOOKUP(B27,ID___!A:A,ID___!B:B,"")&"&range=A1:J1","Click"))} -> Click | B27: =IFERROR(__xludf.DUMMYFUNCTION("""COMPUTED_VALUE"""),"ATY") -> ATY | C27: =IFERROR(__xludf.DUMMYFUNCTION("""COMPUTED_VALUE"""),"Ateya Ahmed Subarna") -> Ateya Ahmed Subarna | D27: =IFERROR(__xludf.DUMMYFUNCTION("""COMPUTED_VALUE"""),"Lecturer") -> Lecturer | E27: =IFERROR(__xludf.DUMMYFUNCTION("""COMPUTED_VALUE"""),"Full Time") -> Full Time | F27: =IFERROR(__xludf.DUMMYFUNCTION("""COMPUTED_VALUE"""),"4K77") -> 4K77 | G27: =IFERROR(__xludf.DUMMYFUNCTION("""COMPUTED_VALUE"""),"ateya.ahmed@bracu.ac.bd") -> ateya.ahmed@bracu.ac.bd
A28: {=IF(ISBLANK(B28),,HYPERLINK("https://docs.google.com/spreadsheets/d/1aZ_8do2w3aA382MhZyJKG5amXZ6fpthJYoLsdM9x0gU/edit?gid="&XLOOKUP(B28,ID___!A:A,ID___!B:B,"")&"#gid="&XLOOKUP(B28,ID___!A:A,ID___!B:B,"")&"&range=A1:J1","Click"))} -> Click | B28: =IFERROR(__xludf.DUMMYFUNCTION("""COMPUTED_VALUE"""),"AVB") -> AVB | C28: =IFERROR(__xludf.DUMMYFUNCTION("""COMPUTED_VALUE"""),"Mr. Avinandan Banerjee") -> Mr. Avinandan Banerjee | D28: =IFERROR(__xludf.DUMMYFUNCTION("""COMPUTED_VALUE"""),"Lecturer") -> Lecturer | E28: =IFERROR(__xludf.DUMMYFUNCTION("""COMPUTED_VALUE"""),"Full Time") -> Full Time | F28: =IFERROR(__xludf.DUMMYFUNCTION("""COMPUTED_VALUE"""),"4M118") -> 4M118 | G28: =IFERROR(__xludf.DUMMYFUNCTION("""COMPUTED_VALUE"""),"avinandan@bracu.ac.bd") -> avinandan@bracu.ac.bd
A29: {=IF(ISBLANK(B29),,HYPERLINK("https://docs.google.com/spreadsheets/d/1aZ_8do2w3aA382MhZyJKG5amXZ6fpthJYoLsdM9x0gU/edit?gid="&XLOOKUP(B29,ID___!A:A,ID___!B:B,"")&"#gid="&XLOOKUP(B29,ID___!A:A,ID___!B:B,"")&"&range=A1:J1","Click"))} -> Click | B29: =IFERROR(__xludf.DUMMYFUNCTION("""COMPUTED_VALUE"""),"AYO") -> AYO | C29: =IFERROR(__xludf.DUMMYFUNCTION("""COMPUTED_VALUE"""),"Ariyan Hossain") -> Ariyan Hossain | D29: =IFERROR(__xludf.DUMMYFUNCTION("""COMPUTED_VALUE"""),"Lecturer") -> Lecturer | E29: =IFERROR(__xludf.DUMMYFUNCTION("""COMPUTED_VALUE"""),"Full Time") -> Full Time | F29: =IFERROR(__xludf.DUMMYFUNCTION("""COMPUTED_VALUE"""),"4N153") -> 4N153 | G29: =IFERROR(__xludf.DUMMYFUNCTION("""COMPUTED_VALUE"""),"ariyan.hossain@bracu.ac.bd") -> ariyan.hossain@bracu.ac.bd
A30: {=IF(ISBLANK(B30),,HYPERLINK("https://docs.google.com/spreadsheets/d/1aZ_8do2w3aA382MhZyJKG5amXZ6fpthJYoLsdM9x0gU/edit?gid="&XLOOKUP(B30,ID___!A:A,ID___!B:B,"")&"#gid="&XLOOKUP(B30,ID___!A:A,ID___!B:B,"")&"&range=A1:J1","Click"))} -> Click | B30: =IFERROR(__xludf.DUMMYFUNCTION("""COMPUTED_VALUE"""),"BDH") -> BDH | C30: =IFERROR(__xludf.DUMMYFUNCTION("""COMPUTED_VALUE"""),"Mr. Mohammad Badrul Hossain") -> Mr. Mohammad Badrul Hossain | D30: =IFERROR(__xludf.DUMMYFUNCTION("""COMPUTED_VALUE"""),"Lecturer") -> Lecturer | E30: =IFERROR(__xludf.DUMMYFUNCTION("""COMPUTED_VALUE"""),"Full Time") -> Full Time | F30: =IFERROR(__xludf.DUMMYFUNCTION("""COMPUTED_VALUE"""),"4J67") -> 4J67 | G30: =IFERROR(__xludf.DUMMYFUNCTION("""COMPUTED_VALUE"""),"badrul.hossain@bracu.ac.bd") -> badrul.hossain@bracu.ac.bd
A31: {=IF(ISBLANK(B31),,HYPERLINK("https://docs.google.com/spreadsheets/d/1aZ_8do2w3aA382MhZyJKG5amXZ6fpthJYoLsdM9x0gU/edit?gid="&XLOOKUP(B31,ID___!A:A,ID___!B:B,"")&"#gid="&XLOOKUP(B31,ID___!A:A,ID___!B:B,"")&"&range=A1:J1","Click"))} -> Click | B31: =IFERROR(__xludf.DUMMYFUNCTION("""COMPUTED_VALUE"""),"BIJS") -> BIJS | C31: =IFERROR(__xludf.DUMMYFUNCTION("""COMPUTED_VALUE"""),"Bijoy Ahmed Saiem") -> Bijoy Ahmed Saiem | D31: =IFERROR(__xludf.DUMMYFUNCTION("""COMPUTED_VALUE"""),"Lecturer") -> Lecturer | E31: =IFERROR(__xludf.DUMMYFUNCTION("""COMPUTED_VALUE"""),"Full Time") -> Full Time | F31: =IFERROR(__xludf.DUMMYFUNCTION("""COMPUTED_VALUE"""),"4M130") -> 4M130 | G31: =IFERROR(__xludf.DUMMYFUNCTION("""COMPUTED_VALUE"""),"bijoy.saiem@bracu.ac.bd") -> bijoy.saiem@bracu.ac.bd
A32: {=IF(ISBLANK(B32),,HYPERLINK("https://docs.google.com/spreadsheets/d/1aZ_8do2w3aA382MhZyJKG5amXZ6fpthJYoLsdM9x0gU/edit?gid="&XLOOKUP(B32,ID___!A:A,ID___!B:B,"")&"#gid="&XLOOKUP(B32,ID___!A:A,ID___!B:B,"")&"&range=A1:J1","Click"))} -> Click | B32: =IFERROR(__xludf.DUMMYFUNCTION("""COMPUTED_VALUE"""),"CMR") -> CMR | C32: =IFERROR(__xludf.DUMMYFUNCTION("""COMPUTED_VALUE"""),"Dr. Chowdhury Mofizur Rahman") -> Dr. Chowdhury Mofizur Rahman | D32: =IFERROR(__xludf.DUMMYFUNCTION("""COMPUTED_VALUE"""),"Professor") -> Professor | E32: =IFERROR(__xludf.DUMMYFUNCTION("""COMPUTED_VALUE"""),"Full Time") -> Full Time | F32: =IFERROR(__xludf.DUMMYFUNCTION("""COMPUTED_VALUE"""),"4G18") -> 4G18 | G32: =IFERROR(__xludf.DUMMYFUNCTION("""COMPUTED_VALUE"""),"rahman.mofizur@bracu.ac.bd") -> rahman.mofizur@bracu.ac.bd
A33: {=IF(ISBLANK(B33),,HYPERLINK("https://docs.google.com/spreadsheets/d/1aZ_8do2w3aA382MhZyJKG5amXZ6fpthJYoLsdM9x0gU/edit?gid="&XLOOKUP(B33,ID___!A:A,ID___!B:B,"")&"#gid="&XLOOKUP(B33,ID___!A:A,ID___!B:B,"")&"&range=A1:J1","Click"))} -> Click | B33: =IFERROR(__xludf.DUMMYFUNCTION("""COMPUTED_VALUE"""),"DFD") -> DFD | C33: =IFERROR(__xludf.DUMMYFUNCTION("""COMPUTED_VALUE"""),"Mr. Dibyo Fabian Dofadar") -> Mr. Dibyo Fabian Dofadar | D33: =IFERROR(__xludf.DUMMYFUNCTION("""COMPUTED_VALUE"""),"Lecturer") -> Lecturer | E33: =IFERROR(__xludf.DUMMYFUNCTION("""COMPUTED_VALUE"""),"Full Time") -> Full Time | F33: =IFERROR(__xludf.DUMMYFUNCTION("""COMPUTED_VALUE"""),"4M106") -> 4M106 | G33: =IFERROR(__xludf.DUMMYFUNCTION("""COMPUTED_VALUE"""),"fabian.dofadar@bracu.ac.bd") -> fabian.dofadar@bracu.ac.bd
A34: {=IF(ISBLANK(B34),,HYPERLINK("https://docs.google.com/spreadsheets/d/1aZ_8do2w3aA382MhZyJKG5amXZ6fpthJYoLsdM9x0gU/edit?gid="&XLOOKUP(B34,ID___!A:A,ID___!B:B,"")&"#gid="&XLOOKUP(B34,ID___!A:A,ID___!B:B,"")&"&range=A1:J1","Click"))} -> Click | B34: =IFERROR(__xludf.DUMMYFUNCTION("""COMPUTED_VALUE"""),"DPU") -> DPU | C34: =IFERROR(__xludf.DUMMYFUNCTION("""COMPUTED_VALUE"""),"Mr. Shoaib Ahmed Dipu") -> Mr. Shoaib Ahmed Dipu | D34: =IFERROR(__xludf.DUMMYFUNCTION("""COMPUTED_VALUE"""),"Lecturer") -> Lecturer | E34: =IFERROR(__xludf.DUMMYFUNCTION("""COMPUTED_VALUE"""),"Full Time") -> Full Time | F34: =IFERROR(__xludf.DUMMYFUNCTION("""COMPUTED_VALUE"""),"4J63") -> 4J63 | G34: =IFERROR(__xludf.DUMMYFUNCTION("""COMPUTED_VALUE"""),"shoaib.ahmed@bracu.ac.bd") -> shoaib.ahmed@bracu.ac.bd
A35: {=IF(ISBLANK(B35),,HYPERLINK("https://docs.google.com/spreadsheets/d/1aZ_8do2w3aA382MhZyJKG5amXZ6fpthJYoLsdM9x0gU/edit?gid="&XLOOKUP(B35,ID___!A:A,ID___!B:B,"")&"#gid="&XLOOKUP(B35,ID___!A:A,ID___!B:B,"")&"&range=A1:J1","Click"))} -> Click | B35: =IFERROR(__xludf.DUMMYFUNCTION("""COMPUTED_VALUE"""),"DZK") -> DZK | C35: =IFERROR(__xludf.DUMMYFUNCTION("""COMPUTED_VALUE"""),"Mr. Dewan Ziaul Karim") -> Mr. Dewan Ziaul Karim | D35: =IFERROR(__xludf.DUMMYFUNCTION("""COMPUTED_VALUE"""),"Senior Lecturer") -> Senior Lecturer | E35: =IFERROR(__xludf.DUMMYFUNCTION("""COMPUTED_VALUE"""),"Full Time") -> Full Time | F35: =IFERROR(__xludf.DUMMYFUNCTION("""COMPUTED_VALUE"""),"4G05") -> 4G05 | G35: =IFERROR(__xludf.DUMMYFUNCTION("""COMPUTED_VALUE"""),"ziaul.karim@bracu.ac.bd") -> ziaul.karim@bracu.ac.bd
A36: {=IF(ISBLANK(B36),,HYPERLINK("https://docs.google.com/spreadsheets/d/1aZ_8do2w3aA382MhZyJKG5amXZ6fpthJYoLsdM9x0gU/edit?gid="&XLOOKUP(B36,ID___!A:A,ID___!B:B,"")&"#gid="&XLOOKUP(B36,ID___!A:A,ID___!B:B,"")&"&range=A1:J1","Click"))} -> Click | B36: =IFERROR(__xludf.DUMMYFUNCTION("""COMPUTED_VALUE"""),"EHQ") -> EHQ | C36: =IFERROR(__xludf.DUMMYFUNCTION("""COMPUTED_VALUE"""),"Ehtashamul Haque") -> Ehtashamul Haque | D36: =IFERROR(__xludf.DUMMYFUNCTION("""COMPUTED_VALUE"""),"Lecturer") -> Lecturer | E36: =IFERROR(__xludf.DUMMYFUNCTION("""COMPUTED_VALUE"""),"Full Time") -> Full Time | F36: =IFERROR(__xludf.DUMMYFUNCTION("""COMPUTED_VALUE"""),"4N168") -> 4N168 | G36: =IFERROR(__xludf.DUMMYFUNCTION("""COMPUTED_VALUE"""),"ehtashamul.haque@bracu.ac.bd") -> ehtashamul.haque@bracu.ac.bd
A37: {=IF(ISBLANK(B37),,HYPERLINK("https://docs.google.com/spreadsheets/d/1aZ_8do2w3aA382MhZyJKG5amXZ6fpthJYoLsdM9x0gU/edit?gid="&XLOOKUP(B37,ID___!A:A,ID___!B:B,"")&"#gid="&XLOOKUP(B37,ID___!A:A,ID___!B:B,"")&"&range=A1:J1","Click"))} -> Click | B37: =IFERROR(__xludf.DUMMYFUNCTION("""COMPUTED_VALUE"""),"FARS") -> FARS | C37: =IFERROR(__xludf.DUMMYFUNCTION("""COMPUTED_VALUE"""),"Ahmad Farhan Shahriar Chowdhury") -> Ahmad Farhan Shahriar Chowdhury | D37: =IFERROR(__xludf.DUMMYFUNCTION("""COMPUTED_VALUE"""),"Lecturer") -> Lecturer | E37: =IFERROR(__xludf.DUMMYFUNCTION("""COMPUTED_VALUE"""),"Full Time") -> Full Time | F37: =IFERROR(__xludf.DUMMYFUNCTION("""COMPUTED_VALUE"""),"4N145") -> 4N145 | G37: =IFERROR(__xludf.DUMMYFUNCTION("""COMPUTED_VALUE"""),"farhan.shahriar@bracu.ac.bd") -> farhan.shahriar@bracu.ac.bd
A38: {=IF(ISBLANK(B38),,HYPERLINK("https://docs.google.com/spreadsheets/d/1aZ_8do2w3aA382MhZyJKG5amXZ6fpthJYoLsdM9x0gU/edit?gid="&XLOOKUP(B38,ID___!A:A,ID___!B:B,"")&"#gid="&XLOOKUP(B38,ID___!A:A,ID___!B:B,"")&"&range=A1:J1","Click"))} -> Click | B38: =IFERROR(__xludf.DUMMYFUNCTION("""COMPUTED_VALUE"""),"FBAW") -> FBAW | C38: =IFERROR(__xludf.DUMMYFUNCTION("""COMPUTED_VALUE"""),"Faria Binta Awal") -> Faria Binta Awal | D38: =IFERROR(__xludf.DUMMYFUNCTION("""COMPUTED_VALUE"""),"Lecturer") -> Lecturer | E38: =IFERROR(__xludf.DUMMYFUNCTION("""COMPUTED_VALUE"""),"Full Time") -> Full Time | F38: =IFERROR(__xludf.DUMMYFUNCTION("""COMPUTED_VALUE"""),"4K84") -> 4K84 | G38: =IFERROR(__xludf.DUMMYFUNCTION("""COMPUTED_VALUE"""),"faria.awal@bracu.ac.bd") -> faria.awal@bracu.ac.bd
A39: {=IF(ISBLANK(B39),,HYPERLINK("https://docs.google.com/spreadsheets/d/1aZ_8do2w3aA382MhZyJKG5amXZ6fpthJYoLsdM9x0gU/edit?gid="&XLOOKUP(B39,ID___!A:A,ID___!B:B,"")&"#gid="&XLOOKUP(B39,ID___!A:A,ID___!B:B,"")&"&range=A1:J1","Click"))} -> Click | B39: =IFERROR(__xludf.DUMMYFUNCTION("""COMPUTED_VALUE"""),"FDC") -> FDC | C39: =IFERROR(__xludf.DUMMYFUNCTION("""COMPUTED_VALUE"""),"Dr. Farida Chowdhury") -> Dr. Farida Chowdhury | D39: =IFERROR(__xludf.DUMMYFUNCTION("""COMPUTED_VALUE"""),"Professor") -> Professor | E39: =IFERROR(__xludf.DUMMYFUNCTION("""COMPUTED_VALUE"""),"Full Time") -> Full Time | F39: =IFERROR(__xludf.DUMMYFUNCTION("""COMPUTED_VALUE"""),"4G09") -> 4G09 | G39: =IFERROR(__xludf.DUMMYFUNCTION("""COMPUTED_VALUE"""),"farida.chowdhury@bracu.ac.bd") -> farida.chowdhury@bracu.ac.bd
A40: {=IF(ISBLANK(B40),,HYPERLINK("https://docs.google.com/spreadsheets/d/1aZ_8do2w3aA382MhZyJKG5amXZ6fpthJYoLsdM9x0gU/edit?gid="&XLOOKUP(B40,ID___!A:A,ID___!B:B,"")&"#gid="&XLOOKUP(B40,ID___!A:A,ID___!B:B,"")&"&range=A1:J1","Click"))} -> Click | B40: =IFERROR(__xludf.DUMMYFUNCTION("""COMPUTED_VALUE"""),"FEK") -> FEK | C40: =IFERROR(__xludf.DUMMYFUNCTION("""COMPUTED_VALUE"""),"Farden Ehsan Khan") -> Farden Ehsan Khan | D40: =IFERROR(__xludf.DUMMYFUNCTION("""COMPUTED_VALUE"""),"Lecturer") -> Lecturer | E40: =IFERROR(__xludf.DUMMYFUNCTION("""COMPUTED_VALUE"""),"Full Time") -> Full Time | F40: =IFERROR(__xludf.DUMMYFUNCTION("""COMPUTED_VALUE"""),"4M117") -> 4M117 | G40: =IFERROR(__xludf.DUMMYFUNCTION("""COMPUTED_VALUE"""),"farden.khan@bracu.ac.bd") -> farden.khan@bracu.ac.bd
A41: {=IF(ISBLANK(B41),,HYPERLINK("https://docs.google.com/spreadsheets/d/1aZ_8do2w3aA382MhZyJKG5amXZ6fpthJYoLsdM9x0gU/edit?gid="&XLOOKUP(B41,ID___!A:A,ID___!B:B,"")&"#gid="&XLOOKUP(B41,ID___!A:A,ID___!B:B,"")&"&range=A1:J1","Click"))} -> Click | B41: =IFERROR(__xludf.DUMMYFUNCTION("""COMPUTED_VALUE"""),"FFR") -> FFR | C41: =IFERROR(__xludf.DUMMYFUNCTION("""COMPUTED_VALUE"""),"Md. Fatin Ishraq Faruqui") -> Md. Fatin Ishraq Faruqui | D41: =IFERROR(__xludf.DUMMYFUNCTION("""COMPUTED_VALUE"""),"Lecturer") -> Lecturer | E41: =IFERROR(__xludf.DUMMYFUNCTION("""COMPUTED_VALUE"""),"Full Time") -> Full Time | F41: =IFERROR(__xludf.DUMMYFUNCTION("""COMPUTED_VALUE"""),"4N169") -> 4N169 | G41: =IFERROR(__xludf.DUMMYFUNCTION("""COMPUTED_VALUE"""),"md.fatin@bracu.ac.bd") -> md.fatin@bracu.ac.bd
A42: {=IF(ISBLANK(B42),,HYPERLINK("https://docs.google.com/spreadsheets/d/1aZ_8do2w3aA382MhZyJKG5amXZ6fpthJYoLsdM9x0gU/edit?gid="&XLOOKUP(B42,ID___!A:A,ID___!B:B,"")&"#gid="&XLOOKUP(B42,ID___!A:A,ID___!B:B,"")&"&range=A1:J1","Click"))} -> Click | B42: =IFERROR(__xludf.DUMMYFUNCTION("""COMPUTED_VALUE"""),"FFU") -> FFU | C42: =IFERROR(__xludf.DUMMYFUNCTION("""COMPUTED_VALUE"""),"Farhan Faruk") -> Farhan Faruk | D42: =IFERROR(__xludf.DUMMYFUNCTION("""COMPUTED_VALUE"""),"Lecturer") -> Lecturer | E42: =IFERROR(__xludf.DUMMYFUNCTION("""COMPUTED_VALUE"""),"Full Time") -> Full Time | F42: =IFERROR(__xludf.DUMMYFUNCTION("""COMPUTED_VALUE"""),"4M100") -> 4M100 | G42: =IFERROR(__xludf.DUMMYFUNCTION("""COMPUTED_VALUE"""),"farhan.faruk@bracu.ac.bd") -> farhan.faruk@bracu.ac.bd
A43: {=IF(ISBLANK(B43),,HYPERLINK("https://docs.google.com/spreadsheets/d/1aZ_8do2w3aA382MhZyJKG5amXZ6fpthJYoLsdM9x0gU/edit?gid="&XLOOKUP(B43,ID___!A:A,ID___!B:B,"")&"#gid="&XLOOKUP(B43,ID___!A:A,ID___!B:B,"")&"&range=A1:J1","Click"))} -> Click | B43: =IFERROR(__xludf.DUMMYFUNCTION("""COMPUTED_VALUE"""),"FGZ") -> FGZ | C43: =IFERROR(__xludf.DUMMYFUNCTION("""COMPUTED_VALUE"""),"Mr. Md. Fakhruddin Gazzali") -> Mr. Md. Fakhruddin Gazzali | D43: =IFERROR(__xludf.DUMMYFUNCTION("""COMPUTED_VALUE"""),"Lecturer") -> Lecturer | E43: =IFERROR(__xludf.DUMMYFUNCTION("""COMPUTED_VALUE"""),"Full Time") -> Full Time | F43: =IFERROR(__xludf.DUMMYFUNCTION("""COMPUTED_VALUE"""),"4M103") -> 4M103 | G43: =IFERROR(__xludf.DUMMYFUNCTION("""COMPUTED_VALUE"""),"fakhruddin.gazzali@bracu.ac.bd") -> fakhruddin.gazzali@bracu.ac.bd
A44: {=IF(ISBLANK(B44),,HYPERLINK("https://docs.google.com/spreadsheets/d/1aZ_8do2w3aA382MhZyJKG5amXZ6fpthJYoLsdM9x0gU/edit?gid="&XLOOKUP(B44,ID___!A:A,ID___!B:B,"")&"#gid="&XLOOKUP(B44,ID___!A:A,ID___!B:B,"")&"&range=A1:J1","Click"))} -> Click | B44: =IFERROR(__xludf.DUMMYFUNCTION("""COMPUTED_VALUE"""),"FIC") -> FIC | C44: =IFERROR(__xludf.DUMMYFUNCTION("""COMPUTED_VALUE"""),"Fatiha Ishrar Chowdhury") -> Fatiha Ishrar Chowdhury | D44: =IFERROR(__xludf.DUMMYFUNCTION("""COMPUTED_VALUE"""),"Lecturer") -> Lecturer | E44: =IFERROR(__xludf.DUMMYFUNCTION("""COMPUTED_VALUE"""),"Full Time") -> Full Time | F44: =IFERROR(__xludf.DUMMYFUNCTION("""COMPUTED_VALUE"""),"4K81") -> 4K81 | G44: =IFERROR(__xludf.DUMMYFUNCTION("""COMPUTED_VALUE"""),"fatiha.ishrar@bracu.ac.bd") -> fatiha.ishrar@bracu.ac.bd
A45: {=IF(ISBLANK(B45),,HYPERLINK("https://docs.google.com/spreadsheets/d/1aZ_8do2w3aA382MhZyJKG5amXZ6fpthJYoLsdM9x0gU/edit?gid="&XLOOKUP(B45,ID___!A:A,ID___!B:B,"")&"#gid="&XLOOKUP(B45,ID___!A:A,ID___!B:B,"")&"&range=A1:J1","Click"))} -> Click | B45: =IFERROR(__xludf.DUMMYFUNCTION("""COMPUTED_VALUE"""),"FYS") -> FYS | C45: =IFERROR(__xludf.DUMMYFUNCTION("""COMPUTED_VALUE"""),"Dr. Farig Yousuf Sadeque") -> Dr. Farig Yousuf Sadeque | D45: =IFERROR(__xludf.DUMMYFUNCTION("""COMPUTED_VALUE"""),"Associate Professor") -> Associate Professor | E45: =IFERROR(__xludf.DUMMYFUNCTION("""COMPUTED_VALUE"""),"Full Time") -> Full Time | F45: =IFERROR(__xludf.DUMMYFUNCTION("""COMPUTED_VALUE"""),"4G29") -> 4G29 | G45: =IFERROR(__xludf.DUMMYFUNCTION("""COMPUTED_VALUE"""),"farig.sadeque@bracu.ac.bd") -> farig.sadeque@bracu.ac.bd
A46: {=IF(ISBLANK(B46),,HYPERLINK("https://docs.google.com/spreadsheets/d/1aZ_8do2w3aA382MhZyJKG5amXZ6fpthJYoLsdM9x0gU/edit?gid="&XLOOKUP(B46,ID___!A:A,ID___!B:B,"")&"#gid="&XLOOKUP(B46,ID___!A:A,ID___!B:B,"")&"&range=A1:J1","Click"))} -> Click | B46: =IFERROR(__xludf.DUMMYFUNCTION("""COMPUTED_VALUE"""),"FZN") -> FZN | C46: =IFERROR(__xludf.DUMMYFUNCTION("""COMPUTED_VALUE"""),"Kh.Fardin Zubair Nafis") -> Kh.Fardin Zubair Nafis | D46: =IFERROR(__xludf.DUMMYFUNCTION("""COMPUTED_VALUE"""),"Lecturer") -> Lecturer | E46: =IFERROR(__xludf.DUMMYFUNCTION("""COMPUTED_VALUE"""),"Full Time") -> Full Time | F46: =IFERROR(__xludf.DUMMYFUNCTION("""COMPUTED_VALUE"""),"4N155") -> 4N155 | G46: =IFERROR(__xludf.DUMMYFUNCTION("""COMPUTED_VALUE"""),"fardin.zubair@bracu.ac.bd") -> fardin.zubair@bracu.ac.bd
A47: {=IF(ISBLANK(B47),,HYPERLINK("https://docs.google.com/spreadsheets/d/1aZ_8do2w3aA382MhZyJKG5amXZ6fpthJYoLsdM9x0gU/edit?gid="&XLOOKUP(B47,ID___!A:A,ID___!B:B,"")&"#gid="&XLOOKUP(B47,ID___!A:A,ID___!B:B,"")&"&range=A1:J1","Click"))} -> Click | B47: =IFERROR(__xludf.DUMMYFUNCTION("""COMPUTED_VALUE"""),"GRA") -> GRA | C47: =IFERROR(__xludf.DUMMYFUNCTION("""COMPUTED_VALUE"""),"Dr. Md. Golam Rabiul Alam") -> Dr. Md. Golam Rabiul Alam | D47: =IFERROR(__xludf.DUMMYFUNCTION("""COMPUTED_VALUE"""),"Professor") -> Professor | E47: =IFERROR(__xludf.DUMMYFUNCTION("""COMPUTED_VALUE"""),"Full Time") -> Full Time | F47: =IFERROR(__xludf.DUMMYFUNCTION("""COMPUTED_VALUE"""),"4G23") -> 4G23 | G47: =IFERROR(__xludf.DUMMYFUNCTION("""COMPUTED_VALUE"""),"rabiul.alam@bracu.ac.bd") -> rabiul.alam@bracu.ac.bd
A48: {=IF(ISBLANK(B48),,HYPERLINK("https://docs.google.com/spreadsheets/d/1aZ_8do2w3aA382MhZyJKG5amXZ6fpthJYoLsdM9x0gU/edit?gid="&XLOOKUP(B48,ID___!A:A,ID___!B:B,"")&"#gid="&XLOOKUP(B48,ID___!A:A,ID___!B:B,"")&"&range=A1:J1","Click"))} -> Click | B48: =IFERROR(__xludf.DUMMYFUNCTION("""COMPUTED_VALUE"""),"HFN") -> HFN | C48: =IFERROR(__xludf.DUMMYFUNCTION("""COMPUTED_VALUE"""),"Sheikh Araf Noshin") -> Sheikh Araf Noshin | D48: =IFERROR(__xludf.DUMMYFUNCTION("""COMPUTED_VALUE"""),"Lecturer") -> Lecturer | E48: =IFERROR(__xludf.DUMMYFUNCTION("""COMPUTED_VALUE"""),"Full Time") -> Full Time | F48: =IFERROR(__xludf.DUMMYFUNCTION("""COMPUTED_VALUE"""),"4N144") -> 4N144 | G48: =IFERROR(__xludf.DUMMYFUNCTION("""COMPUTED_VALUE"""),"araf.noshin@bracu.ac.bd") -> araf.noshin@bracu.ac.bd
A49: {=IF(ISBLANK(B49),,HYPERLINK("https://docs.google.com/spreadsheets/d/1aZ_8do2w3aA382MhZyJKG5amXZ6fpthJYoLsdM9x0gU/edit?gid="&XLOOKUP(B49,ID___!A:A,ID___!B:B,"")&"#gid="&XLOOKUP(B49,ID___!A:A,ID___!B:B,"")&"&range=A1:J1","Click"))} -> Click | B49: =IFERROR(__xludf.DUMMYFUNCTION("""COMPUTED_VALUE"""),"HMH") -> HMH | C49: =IFERROR(__xludf.DUMMYFUNCTION("""COMPUTED_VALUE"""),"Mir Hamidul Hussain") -> Mir Hamidul Hussain | D49: =IFERROR(__xludf.DUMMYFUNCTION("""COMPUTED_VALUE"""),"Lecturer") -> Lecturer | E49: =IFERROR(__xludf.DUMMYFUNCTION("""COMPUTED_VALUE"""),"Full Time") -> Full Time | F49: =IFERROR(__xludf.DUMMYFUNCTION("""COMPUTED_VALUE"""),"4N167") -> 4N167 | G49: =IFERROR(__xludf.DUMMYFUNCTION("""COMPUTED_VALUE"""),"hamidul.hussain@bracu.ac.bd") -> hamidul.hussain@bracu.ac.bd
A50: {=IF(ISBLANK(B50),,HYPERLINK("https://docs.google.com/spreadsheets/d/1aZ_8do2w3aA382MhZyJKG5amXZ6fpthJYoLsdM9x0gU/edit?gid="&XLOOKUP(B50,ID___!A:A,ID___!B:B,"")&"#gid="&XLOOKUP(B50,ID___!A:A,ID___!B:B,"")&"&range=A1:J1","Click"))} -> Click | B50: =IFERROR(__xludf.DUMMYFUNCTION("""COMPUTED_VALUE"""),"IBA") -> IBA | C50: =IFERROR(__xludf.DUMMYFUNCTION("""COMPUTED_VALUE"""),"Mr. Md. Imran Bin Azad") -> Mr. Md. Imran Bin Azad | D50: =IFERROR(__xludf.DUMMYFUNCTION("""COMPUTED_VALUE"""),"Senior Lecturer") -> Senior Lecturer | E50: =IFERROR(__xludf.DUMMYFUNCTION("""COMPUTED_VALUE"""),"Full Time") -> Full Time | F50: =IFERROR(__xludf.DUMMYFUNCTION("""COMPUTED_VALUE"""),"4G02") -> 4G02 | G50: =IFERROR(__xludf.DUMMYFUNCTION("""COMPUTED_VALUE"""),"imran.azad@bracu.ac.bd") -> imran.azad@bracu.ac.bd
A51: {=IF(ISBLANK(B51),,HYPERLINK("https://docs.google.com/spreadsheets/d/1aZ_8do2w3aA382MhZyJKG5amXZ6fpthJYoLsdM9x0gU/edit?gid="&XLOOKUP(B51,ID___!A:A,ID___!B:B,"")&"#gid="&XLOOKUP(B51,ID___!A:A,ID___!B:B,"")&"&range=A1:J1","Click"))} -> Click | B51: =IFERROR(__xludf.DUMMYFUNCTION("""COMPUTED_VALUE"""),"IBU") -> IBU | C51: =IFERROR(__xludf.DUMMYFUNCTION("""COMPUTED_VALUE"""),"Ms. Ipshita Bonhi Upoma") -> Ms. Ipshita Bonhi Upoma | D51: =IFERROR(__xludf.DUMMYFUNCTION("""COMPUTED_VALUE"""),"Lecturer") -> Lecturer | E51: =IFERROR(__xludf.DUMMYFUNCTION("""COMPUTED_VALUE"""),"Full Time") -> Full Time | F51: =IFERROR(__xludf.DUMMYFUNCTION("""COMPUTED_VALUE"""),"4K78") -> 4K78 | G51: =IFERROR(__xludf.DUMMYFUNCTION("""COMPUTED_VALUE"""),"ipshita.upoma@bracu.ac.bd") -> ipshita.upoma@bracu.ac.bd
A52: {=IF(ISBLANK(B52),,HYPERLINK("https://docs.google.com/spreadsheets/d/1aZ_8do2w3aA382MhZyJKG5amXZ6fpthJYoLsdM9x0gU/edit?gid="&XLOOKUP(B52,ID___!A:A,ID___!B:B,"")&"#gid="&XLOOKUP(B52,ID___!A:A,ID___!B:B,"")&"&range=A1:J1","Click"))} -> Click | B52: =IFERROR(__xludf.DUMMYFUNCTION("""COMPUTED_VALUE"""),"ITTSC") -> ITTSC | C52: =IFERROR(__xludf.DUMMYFUNCTION("""COMPUTED_VALUE"""),"Ittehad Saleh Chowdhury") -> Ittehad Saleh Chowdhury | D52: =IFERROR(__xludf.DUMMYFUNCTION("""COMPUTED_VALUE"""),"Lecturer") -> Lecturer | E52: =IFERROR(__xludf.DUMMYFUNCTION("""COMPUTED_VALUE"""),"Full Time") -> Full Time | F52: =IFERROR(__xludf.DUMMYFUNCTION("""COMPUTED_VALUE"""),"4P196") -> 4P196 | G52: =IFERROR(__xludf.DUMMYFUNCTION("""COMPUTED_VALUE"""),"ittehad.chowdhury@bracu.ac.bd") -> ittehad.chowdhury@bracu.ac.bd
A53: {=IF(ISBLANK(B53),,HYPERLINK("https://docs.google.com/spreadsheets/d/1aZ_8do2w3aA382MhZyJKG5amXZ6fpthJYoLsdM9x0gU/edit?gid="&XLOOKUP(B53,ID___!A:A,ID___!B:B,"")&"#gid="&XLOOKUP(B53,ID___!A:A,ID___!B:B,"")&"&range=A1:J1","Click"))} -> Click | B53: =IFERROR(__xludf.DUMMYFUNCTION("""COMPUTED_VALUE"""),"KHR") -> KHR | C53: =IFERROR(__xludf.DUMMYFUNCTION("""COMPUTED_VALUE"""),"Dr. Md. Khalilur Rahman") -> Dr. Md. Khalilur Rahman | D53: =IFERROR(__xludf.DUMMYFUNCTION("""COMPUTED_VALUE"""),"Professor") -> Professor | E53: =IFERROR(__xludf.DUMMYFUNCTION("""COMPUTED_VALUE"""),"Full Time") -> Full Time | F53: =IFERROR(__xludf.DUMMYFUNCTION("""COMPUTED_VALUE"""),"4G08") -> 4G08 | G53: =IFERROR(__xludf.DUMMYFUNCTION("""COMPUTED_VALUE"""),"khalilur@bracu.ac.bd") -> khalilur@bracu.ac.bd
A54: {=IF(ISBLANK(B54),,HYPERLINK("https://docs.google.com/spreadsheets/d/1aZ_8do2w3aA382MhZyJKG5amXZ6fpthJYoLsdM9x0gU/edit?gid="&XLOOKUP(B54,ID___!A:A,ID___!B:B,"")&"#gid="&XLOOKUP(B54,ID___!A:A,ID___!B:B,"")&"&range=A1:J1","Click"))} -> Click | B54: =IFERROR(__xludf.DUMMYFUNCTION("""COMPUTED_VALUE"""),"KKP") -> KKP | C54: =IFERROR(__xludf.DUMMYFUNCTION("""COMPUTED_VALUE"""),"Mr. Kabbya Kantam Patwary") -> Mr. Kabbya Kantam Patwary | D54: =IFERROR(__xludf.DUMMYFUNCTION("""COMPUTED_VALUE"""),"Lecturer") -> Lecturer | E54: =IFERROR(__xludf.DUMMYFUNCTION("""COMPUTED_VALUE"""),"Full Time") -> Full Time | F54: =IFERROR(__xludf.DUMMYFUNCTION("""COMPUTED_VALUE"""),"4J57") -> 4J57 | G54: =IFERROR(__xludf.DUMMYFUNCTION("""COMPUTED_VALUE"""),"kabbya.kantam@bracu.ac.bd") -> kabbya.kantam@bracu.ac.bd
A55: {=IF(ISBLANK(B55),,HYPERLINK("https://docs.google.com/spreadsheets/d/1aZ_8do2w3aA382MhZyJKG5amXZ6fpthJYoLsdM9x0gU/edit?gid="&XLOOKUP(B55,ID___!A:A,ID___!B:B,"")&"#gid="&XLOOKUP(B55,ID___!A:A,ID___!B:B,"")&"&range=A1:J1","Click"))} -> Click | B55: =IFERROR(__xludf.DUMMYFUNCTION("""COMPUTED_VALUE"""),"KKS") -> KKS | C55: =IFERROR(__xludf.DUMMYFUNCTION("""COMPUTED_VALUE"""),"Md. Khaliduzzaman Khan Samrat") -> Md. Khaliduzzaman Khan Samrat | D55: =IFERROR(__xludf.DUMMYFUNCTION("""COMPUTED_VALUE"""),"Lecturer") -> Lecturer | E55: =IFERROR(__xludf.DUMMYFUNCTION("""COMPUTED_VALUE"""),"Full Time") -> Full Time | F55: =IFERROR(__xludf.DUMMYFUNCTION("""COMPUTED_VALUE"""),"4M122") -> 4M122 | G55: =IFERROR(__xludf.DUMMYFUNCTION("""COMPUTED_VALUE"""),"md.khaliduzzaman@bracu.ac.bd") -> md.khaliduzzaman@bracu.ac.bd
A56: {=IF(ISBLANK(B56),,HYPERLINK("https://docs.google.com/spreadsheets/d/1aZ_8do2w3aA382MhZyJKG5amXZ6fpthJYoLsdM9x0gU/edit?gid="&XLOOKUP(B56,ID___!A:A,ID___!B:B,"")&"#gid="&XLOOKUP(B56,ID___!A:A,ID___!B:B,"")&"&range=A1:J1","Click"))} -> Click | B56: =IFERROR(__xludf.DUMMYFUNCTION("""COMPUTED_VALUE"""),"KNI") -> KNI | C56: =IFERROR(__xludf.DUMMYFUNCTION("""COMPUTED_VALUE"""),"Ms. Khondoker Nazia Iqbal") -> Ms. Khondoker Nazia Iqbal | D56: =IFERROR(__xludf.DUMMYFUNCTION("""COMPUTED_VALUE"""),"Lecturer") -> Lecturer | E56: =IFERROR(__xludf.DUMMYFUNCTION("""COMPUTED_VALUE"""),"Full Time") -> Full Time | F56: =IFERROR(__xludf.DUMMYFUNCTION("""COMPUTED_VALUE"""),"4K86") -> 4K86 | G56: =IFERROR(__xludf.DUMMYFUNCTION("""COMPUTED_VALUE"""),"nazia.iqbal@bracu.ac.bd") -> nazia.iqbal@bracu.ac.bd
A57: {=IF(ISBLANK(B57),,HYPERLINK("https://docs.google.com/spreadsheets/d/1aZ_8do2w3aA382MhZyJKG5amXZ6fpthJYoLsdM9x0gU/edit?gid="&XLOOKUP(B57,ID___!A:A,ID___!B:B,"")&"#gid="&XLOOKUP(B57,ID___!A:A,ID___!B:B,"")&"&range=A1:J1","Click"))} -> Click | B57: =IFERROR(__xludf.DUMMYFUNCTION("""COMPUTED_VALUE"""),"KYK") -> KYK | C57: =IFERROR(__xludf.DUMMYFUNCTION("""COMPUTED_VALUE"""),"Dr. Mohammad Kaykobad") -> Dr. Mohammad Kaykobad | D57: =IFERROR(__xludf.DUMMYFUNCTION("""COMPUTED_VALUE"""),"Professor") -> Professor | E57: =IFERROR(__xludf.DUMMYFUNCTION("""COMPUTED_VALUE"""),"Full Time") -> Full Time | F57: =IFERROR(__xludf.DUMMYFUNCTION("""COMPUTED_VALUE"""),"4G11") -> 4G11 | G57: =IFERROR(__xludf.DUMMYFUNCTION("""COMPUTED_VALUE"""),"kaykobad@bracu.ac.bd") -> kaykobad@bracu.ac.bd
A58: {=IF(ISBLANK(B58),,HYPERLINK("https://docs.google.com/spreadsheets/d/1aZ_8do2w3aA382MhZyJKG5amXZ6fpthJYoLsdM9x0gU/edit?gid="&XLOOKUP(B58,ID___!A:A,ID___!B:B,"")&"#gid="&XLOOKUP(B58,ID___!A:A,ID___!B:B,"")&"&range=A1:J1","Click"))} -> Click | B58: =IFERROR(__xludf.DUMMYFUNCTION("""COMPUTED_VALUE"""),"KZMN") -> KZMN | C58: =IFERROR(__xludf.DUMMYFUNCTION("""COMPUTED_VALUE"""),"Kazi Kamruzzaman Rabbi") -> Kazi Kamruzzaman Rabbi | D58: =IFERROR(__xludf.DUMMYFUNCTION("""COMPUTED_VALUE"""),"Lecturer") -> Lecturer | E58: =IFERROR(__xludf.DUMMYFUNCTION("""COMPUTED_VALUE"""),"Full Time") -> Full Time | F58: =IFERROR(__xludf.DUMMYFUNCTION("""COMPUTED_VALUE"""),"4N135") -> 4N135 | G58: =IFERROR(__xludf.DUMMYFUNCTION("""COMPUTED_VALUE"""),"kazi.kamruzzaman@bracu.ac.bd") -> kazi.kamruzzaman@bracu.ac.bd
A59: {=IF(ISBLANK(B59),,HYPERLINK("https://docs.google.com/spreadsheets/d/1aZ_8do2w3aA382MhZyJKG5amXZ6fpthJYoLsdM9x0gU/edit?gid="&XLOOKUP(B59,ID___!A:A,ID___!B:B,"")&"#gid="&XLOOKUP(B59,ID___!A:A,ID___!B:B,"")&"&range=A1:J1","Click"))} -> Click | B59: =IFERROR(__xludf.DUMMYFUNCTION("""COMPUTED_VALUE"""),"LBBH") -> LBBH | C59: =IFERROR(__xludf.DUMMYFUNCTION("""COMPUTED_VALUE"""),"Labib Hasan Khan") -> Labib Hasan Khan | D59: =IFERROR(__xludf.DUMMYFUNCTION("""COMPUTED_VALUE"""),"Lecturer") -> Lecturer | E59: =IFERROR(__xludf.DUMMYFUNCTION("""COMPUTED_VALUE"""),"Full Time") -> Full Time | F59: =IFERROR(__xludf.DUMMYFUNCTION("""COMPUTED_VALUE"""),"4N136") -> 4N136 | G59: =IFERROR(__xludf.DUMMYFUNCTION("""COMPUTED_VALUE"""),"labib.hasan@bracu.ac.bd") -> labib.hasan@bracu.ac.bd
A60: {=IF(ISBLANK(B60),,HYPERLINK("https://docs.google.com/spreadsheets/d/1aZ_8do2w3aA382MhZyJKG5amXZ6fpthJYoLsdM9x0gU/edit?gid="&XLOOKUP(B60,ID___!A:A,ID___!B:B,"")&"#gid="&XLOOKUP(B60,ID___!A:A,ID___!B:B,"")&"&range=A1:J1","Click"))} -> Click | B60: =IFERROR(__xludf.DUMMYFUNCTION("""COMPUTED_VALUE"""),"LRK") -> LRK | C60: =IFERROR(__xludf.DUMMYFUNCTION("""COMPUTED_VALUE"""),"Lara khanom") -> Lara khanom | D60: =IFERROR(__xludf.DUMMYFUNCTION("""COMPUTED_VALUE"""),"Lecturer") -> Lecturer | E60: =IFERROR(__xludf.DUMMYFUNCTION("""COMPUTED_VALUE"""),"Full Time") -> Full Time | F60: =IFERROR(__xludf.DUMMYFUNCTION("""COMPUTED_VALUE"""),"4K74") -> 4K74 | G60: =IFERROR(__xludf.DUMMYFUNCTION("""COMPUTED_VALUE"""),"lara.khanom@bracu.ac.bd") -> lara.khanom@bracu.ac.bd
A61: {=IF(ISBLANK(B61),,HYPERLINK("https://docs.google.com/spreadsheets/d/1aZ_8do2w3aA382MhZyJKG5amXZ6fpthJYoLsdM9x0gU/edit?gid="&XLOOKUP(B61,ID___!A:A,ID___!B:B,"")&"#gid="&XLOOKUP(B61,ID___!A:A,ID___!B:B,"")&"&range=A1:J1","Click"))} -> Click | B61: =IFERROR(__xludf.DUMMYFUNCTION("""COMPUTED_VALUE"""),"MAHR") -> MAHR | C61: =IFERROR(__xludf.DUMMYFUNCTION("""COMPUTED_VALUE"""),"Mahrin Tasfe") -> Mahrin Tasfe | D61: =IFERROR(__xludf.DUMMYFUNCTION("""COMPUTED_VALUE"""),"Senior Lecturer") -> Senior Lecturer | E61: =IFERROR(__xludf.DUMMYFUNCTION("""COMPUTED_VALUE"""),"Full Time") -> Full Time | F61: =IFERROR(__xludf.DUMMYFUNCTION("""COMPUTED_VALUE"""),"4G30") -> 4G30 | G61: =IFERROR(__xludf.DUMMYFUNCTION("""COMPUTED_VALUE"""),"mahrin.tasfe@bracu.ac.bd") -> mahrin.tasfe@bracu.ac.bd
A62: {=IF(ISBLANK(B62),,HYPERLINK("https://docs.google.com/spreadsheets/d/1aZ_8do2w3aA382MhZyJKG5amXZ6fpthJYoLsdM9x0gU/edit?gid="&XLOOKUP(B62,ID___!A:A,ID___!B:B,"")&"#gid="&XLOOKUP(B62,ID___!A:A,ID___!B:B,"")&"&range=A1:J1","Click"))} -> Click | B62: =IFERROR(__xludf.DUMMYFUNCTION("""COMPUTED_VALUE"""),"MAHS") -> MAHS | C62: =IFERROR(__xludf.DUMMYFUNCTION("""COMPUTED_VALUE"""),"Md Arif Hasan") -> Md Arif Hasan | D62: =IFERROR(__xludf.DUMMYFUNCTION("""COMPUTED_VALUE"""),"Lecturer") -> Lecturer | E62: =IFERROR(__xludf.DUMMYFUNCTION("""COMPUTED_VALUE"""),"Full Time") -> Full Time | F62: =IFERROR(__xludf.DUMMYFUNCTION("""COMPUTED_VALUE"""),"4P176") -> 4P176 | G62: =IFERROR(__xludf.DUMMYFUNCTION("""COMPUTED_VALUE"""),"arif.hasan@bracu.ac.bd") -> arif.hasan@bracu.ac.bd
A63: {=IF(ISBLANK(B63),,HYPERLINK("https://docs.google.com/spreadsheets/d/1aZ_8do2w3aA382MhZyJKG5amXZ6fpthJYoLsdM9x0gU/edit?gid="&XLOOKUP(B63,ID___!A:A,ID___!B:B,"")&"#gid="&XLOOKUP(B63,ID___!A:A,ID___!B:B,"")&"&range=A1:J1","Click"))} -> Click | B63: =IFERROR(__xludf.DUMMYFUNCTION("""COMPUTED_VALUE"""),"MAJIJ") -> MAJIJ | C63: =IFERROR(__xludf.DUMMYFUNCTION("""COMPUTED_VALUE"""),"Majisha Jahan Disha") -> Majisha Jahan Disha | D63: =IFERROR(__xludf.DUMMYFUNCTION("""COMPUTED_VALUE"""),"Lecturer") -> Lecturer | E63: =IFERROR(__xludf.DUMMYFUNCTION("""COMPUTED_VALUE"""),"Full Time") -> Full Time | F63: =IFERROR(__xludf.DUMMYFUNCTION("""COMPUTED_VALUE"""),"4K71") -> 4K71 | G63: =IFERROR(__xludf.DUMMYFUNCTION("""COMPUTED_VALUE"""),"majisha.jahan@bracu.ac.bd") -> majisha.jahan@bracu.ac.bd
A64: {=IF(ISBLANK(B64),,HYPERLINK("https://docs.google.com/spreadsheets/d/1aZ_8do2w3aA382MhZyJKG5amXZ6fpthJYoLsdM9x0gU/edit?gid="&XLOOKUP(B64,ID___!A:A,ID___!B:B,"")&"#gid="&XLOOKUP(B64,ID___!A:A,ID___!B:B,"")&"&range=A1:J1","Click"))} -> Click | B64: =IFERROR(__xludf.DUMMYFUNCTION("""COMPUTED_VALUE"""),"MAO") -> MAO | C64: =IFERROR(__xludf.DUMMYFUNCTION("""COMPUTED_VALUE"""),"Mirza Abdullah Al Noman") -> Mirza Abdullah Al Noman | D64: =IFERROR(__xludf.DUMMYFUNCTION("""COMPUTED_VALUE"""),"Lecturer") -> Lecturer | E64: =IFERROR(__xludf.DUMMYFUNCTION("""COMPUTED_VALUE"""),"Full Time") -> Full Time | F64: =IFERROR(__xludf.DUMMYFUNCTION("""COMPUTED_VALUE"""),"4N162") -> 4N162 | G64: =IFERROR(__xludf.DUMMYFUNCTION("""COMPUTED_VALUE"""),"mirza.abdullah@bracu.ac.bd") -> mirza.abdullah@bracu.ac.bd
A65: {=IF(ISBLANK(B65),,HYPERLINK("https://docs.google.com/spreadsheets/d/1aZ_8do2w3aA382MhZyJKG5amXZ6fpthJYoLsdM9x0gU/edit?gid="&XLOOKUP(B65,ID___!A:A,ID___!B:B,"")&"#gid="&XLOOKUP(B65,ID___!A:A,ID___!B:B,"")&"&range=A1:J1","Click"))} -> Click | B65: =IFERROR(__xludf.DUMMYFUNCTION("""COMPUTED_VALUE"""),"MAU") -> MAU | C65: =IFERROR(__xludf.DUMMYFUNCTION("""COMPUTED_VALUE"""),"Marshia Nujhat") -> Marshia Nujhat | D65: =IFERROR(__xludf.DUMMYFUNCTION("""COMPUTED_VALUE"""),"Lecturer") -> Lecturer | E65: =IFERROR(__xludf.DUMMYFUNCTION("""COMPUTED_VALUE"""),"Full Time") -> Full Time | F65: =IFERROR(__xludf.DUMMYFUNCTION("""COMPUTED_VALUE"""),"4K85") -> 4K85 | G65: =IFERROR(__xludf.DUMMYFUNCTION("""COMPUTED_VALUE"""),"marshia.nujhat@bracu.ac.bd") -> marshia.nujhat@bracu.ac.bd
A66: {=IF(ISBLANK(B66),,HYPERLINK("https://docs.google.com/spreadsheets/d/1aZ_8do2w3aA382MhZyJKG5amXZ6fpthJYoLsdM9x0gU/edit?gid="&XLOOKUP(B66,ID___!A:A,ID___!B:B,"")&"#gid="&XLOOKUP(B66,ID___!A:A,ID___!B:B,"")&"&range=A1:J1","Click"))} -> Click | B66: =IFERROR(__xludf.DUMMYFUNCTION("""COMPUTED_VALUE"""),"MDF") -> MDF | C66: =IFERROR(__xludf.DUMMYFUNCTION("""COMPUTED_VALUE"""),"Mr. Mohammad Fahim") -> Mr. Mohammad Fahim | D66: =IFERROR(__xludf.DUMMYFUNCTION("""COMPUTED_VALUE"""),"Lecturer") -> Lecturer | E66: =IFERROR(__xludf.DUMMYFUNCTION("""COMPUTED_VALUE"""),"Full Time") -> Full Time | F66: =IFERROR(__xludf.DUMMYFUNCTION("""COMPUTED_VALUE"""),"4J52") -> 4J52 | G66: =IFERROR(__xludf.DUMMYFUNCTION("""COMPUTED_VALUE"""),"mohammad.fahim@bracu.ac.bd") -> mohammad.fahim@bracu.ac.bd
A67: {=IF(ISBLANK(B67),,HYPERLINK("https://docs.google.com/spreadsheets/d/1aZ_8do2w3aA382MhZyJKG5amXZ6fpthJYoLsdM9x0gU/edit?gid="&XLOOKUP(B67,ID___!A:A,ID___!B:B,"")&"#gid="&XLOOKUP(B67,ID___!A:A,ID___!B:B,"")&"&range=A1:J1","Click"))} -> Click | B67: =IFERROR(__xludf.DUMMYFUNCTION("""COMPUTED_VALUE"""),"MHDE") -> MHDE | C67: =IFERROR(__xludf.DUMMYFUNCTION("""COMPUTED_VALUE"""),"Mehedi Hasan Emo") -> Mehedi Hasan Emo | D67: =IFERROR(__xludf.DUMMYFUNCTION("""COMPUTED_VALUE"""),"Lecturer") -> Lecturer | E67: =IFERROR(__xludf.DUMMYFUNCTION("""COMPUTED_VALUE"""),"Full Time") -> Full Time | F67: =IFERROR(__xludf.DUMMYFUNCTION("""COMPUTED_VALUE"""),"4M134") -> 4M134 | G67: =IFERROR(__xludf.DUMMYFUNCTION("""COMPUTED_VALUE"""),"mehedi.emo@bracu.ac.bd") -> mehedi.emo@bracu.ac.bd
A68: {=IF(ISBLANK(B68),,HYPERLINK("https://docs.google.com/spreadsheets/d/1aZ_8do2w3aA382MhZyJKG5amXZ6fpthJYoLsdM9x0gU/edit?gid="&XLOOKUP(B68,ID___!A:A,ID___!B:B,"")&"#gid="&XLOOKUP(B68,ID___!A:A,ID___!B:B,"")&"&range=A1:J1","Click"))} -> Click | B68: =IFERROR(__xludf.DUMMYFUNCTION("""COMPUTED_VALUE"""),"MIH") -> MIH | C68: =IFERROR(__xludf.DUMMYFUNCTION("""COMPUTED_VALUE"""),"Dr. Muhammad Iqbal Hossain") -> Dr. Muhammad Iqbal Hossain | D68: =IFERROR(__xludf.DUMMYFUNCTION("""COMPUTED_VALUE"""),"Associate Professor") -> Associate Professor | E68: =IFERROR(__xludf.DUMMYFUNCTION("""COMPUTED_VALUE"""),"Full Time") -> Full Time | F68: =IFERROR(__xludf.DUMMYFUNCTION("""COMPUTED_VALUE"""),"4G22") -> 4G22 | G68: =IFERROR(__xludf.DUMMYFUNCTION("""COMPUTED_VALUE"""),"iqbal.hossain@bracu.ac.bd") -> iqbal.hossain@bracu.ac.bd
A69: {=IF(ISBLANK(B69),,HYPERLINK("https://docs.google.com/spreadsheets/d/1aZ_8do2w3aA382MhZyJKG5amXZ6fpthJYoLsdM9x0gU/edit?gid="&XLOOKUP(B69,ID___!A:A,ID___!B:B,"")&"#gid="&XLOOKUP(B69,ID___!A:A,ID___!B:B,"")&"&range=A1:J1","Click"))} -> Click | B69: =IFERROR(__xludf.DUMMYFUNCTION("""COMPUTED_VALUE"""),"MMM") -> MMM | C69: =IFERROR(__xludf.DUMMYFUNCTION("""COMPUTED_VALUE"""),"Mr. Moin Mostakim") -> Mr. Moin Mostakim | D69: =IFERROR(__xludf.DUMMYFUNCTION("""COMPUTED_VALUE"""),"Senior Lecturer") -> Senior Lecturer | E69: =IFERROR(__xludf.DUMMYFUNCTION("""COMPUTED_VALUE"""),"Full Time") -> Full Time | F69: =IFERROR(__xludf.DUMMYFUNCTION("""COMPUTED_VALUE"""),"4G02") -> 4G02 | G69: =IFERROR(__xludf.DUMMYFUNCTION("""COMPUTED_VALUE"""),"mostakim@bracu.ac.bd") -> mostakim@bracu.ac.bd
A70: {=IF(ISBLANK(B70),,HYPERLINK("https://docs.google.com/spreadsheets/d/1aZ_8do2w3aA382MhZyJKG5amXZ6fpthJYoLsdM9x0gU/edit?gid="&XLOOKUP(B70,ID___!A:A,ID___!B:B,"")&"#gid="&XLOOKUP(B70,ID___!A:A,ID___!B:B,"")&"&range=A1:J1","Click"))} -> Click | B70: =IFERROR(__xludf.DUMMYFUNCTION("""COMPUTED_VALUE"""),"MNP") -> MNP | C70: =IFERROR(__xludf.DUMMYFUNCTION("""COMPUTED_VALUE"""),"Mushfique Nasir Probor") -> Mushfique Nasir Probor | D70: =IFERROR(__xludf.DUMMYFUNCTION("""COMPUTED_VALUE"""),"Lecturer") -> Lecturer | E70: =IFERROR(__xludf.DUMMYFUNCTION("""COMPUTED_VALUE"""),"Full Time") -> Full Time | F70: =IFERROR(__xludf.DUMMYFUNCTION("""COMPUTED_VALUE"""),"4L90") -> 4L90 | G70: =IFERROR(__xludf.DUMMYFUNCTION("""COMPUTED_VALUE"""),"mushfique.nasir@bracu.ac.bd") -> mushfique.nasir@bracu.ac.bd
A71: {=IF(ISBLANK(B71),,HYPERLINK("https://docs.google.com/spreadsheets/d/1aZ_8do2w3aA382MhZyJKG5amXZ6fpthJYoLsdM9x0gU/edit?gid="&XLOOKUP(B71,ID___!A:A,ID___!B:B,"")&"#gid="&XLOOKUP(B71,ID___!A:A,ID___!B:B,"")&"&range=A1:J1","Click"))} -> Click | B71: =IFERROR(__xludf.DUMMYFUNCTION("""COMPUTED_VALUE"""),"MNY") -> MNY | C71: =IFERROR(__xludf.DUMMYFUNCTION("""COMPUTED_VALUE"""),"Dr. Muhammad Nur Yanhaona") -> Dr. Muhammad Nur Yanhaona | D71: =IFERROR(__xludf.DUMMYFUNCTION("""COMPUTED_VALUE"""),"Associate Professor") -> Associate Professor | E71: =IFERROR(__xludf.DUMMYFUNCTION("""COMPUTED_VALUE"""),"Full Time") -> Full Time | F71: =IFERROR(__xludf.DUMMYFUNCTION("""COMPUTED_VALUE"""),"4G06") -> 4G06 | G71: =IFERROR(__xludf.DUMMYFUNCTION("""COMPUTED_VALUE"""),"nur.yanhaona@bracu.ac.bd") -> nur.yanhaona@bracu.ac.bd
A72: {=IF(ISBLANK(B72),,HYPERLINK("https://docs.google.com/spreadsheets/d/1aZ_8do2w3aA382MhZyJKG5amXZ6fpthJYoLsdM9x0gU/edit?gid="&XLOOKUP(B72,ID___!A:A,ID___!B:B,"")&"#gid="&XLOOKUP(B72,ID___!A:A,ID___!B:B,"")&"&range=A1:J1","Click"))} -> Click | B72: =IFERROR(__xludf.DUMMYFUNCTION("""COMPUTED_VALUE"""),"MOM") -> MOM | C72: =IFERROR(__xludf.DUMMYFUNCTION("""COMPUTED_VALUE"""),"Md. Moynul Asik Moni") -> Md. Moynul Asik Moni | D72: =IFERROR(__xludf.DUMMYFUNCTION("""COMPUTED_VALUE"""),"Lecturer") -> Lecturer | E72: =IFERROR(__xludf.DUMMYFUNCTION("""COMPUTED_VALUE"""),"Full Time") -> Full Time | F72: =IFERROR(__xludf.DUMMYFUNCTION("""COMPUTED_VALUE"""),"4N158") -> 4N158 | G72: =IFERROR(__xludf.DUMMYFUNCTION("""COMPUTED_VALUE"""),"moynul.moni@bracu.ac.bd") -> moynul.moni@bracu.ac.bd
A73: {=IF(ISBLANK(B73),,HYPERLINK("https://docs.google.com/spreadsheets/d/1aZ_8do2w3aA382MhZyJKG5amXZ6fpthJYoLsdM9x0gU/edit?gid="&XLOOKUP(B73,ID___!A:A,ID___!B:B,"")&"#gid="&XLOOKUP(B73,ID___!A:A,ID___!B:B,"")&"&range=A1:J1","Click"))} -> Click | B73: =IFERROR(__xludf.DUMMYFUNCTION("""COMPUTED_VALUE"""),"MRIA") -> MRIA | C73: =IFERROR(__xludf.DUMMYFUNCTION("""COMPUTED_VALUE"""),"Ummay Maria Muna") -> Ummay Maria Muna | D73: =IFERROR(__xludf.DUMMYFUNCTION("""COMPUTED_VALUE"""),"Lecturer") -> Lecturer | E73: =IFERROR(__xludf.DUMMYFUNCTION("""COMPUTED_VALUE"""),"Full Time") -> Full Time | F73: =IFERROR(__xludf.DUMMYFUNCTION("""COMPUTED_VALUE"""),"4P180") -> 4P180 | G73: =IFERROR(__xludf.DUMMYFUNCTION("""COMPUTED_VALUE"""),"maria.muna@bracu.ac.bd") -> maria.muna@bracu.ac.bd
A74: {=IF(ISBLANK(B74),,HYPERLINK("https://docs.google.com/spreadsheets/d/1aZ_8do2w3aA382MhZyJKG5amXZ6fpthJYoLsdM9x0gU/edit?gid="&XLOOKUP(B74,ID___!A:A,ID___!B:B,"")&"#gid="&XLOOKUP(B74,ID___!A:A,ID___!B:B,"")&"&range=A1:J1","Click"))} -> Click | B74: =IFERROR(__xludf.DUMMYFUNCTION("""COMPUTED_VALUE"""),"MSA") -> MSA | C74: =IFERROR(__xludf.DUMMYFUNCTION("""COMPUTED_VALUE"""),"Dr. Matin Saad Abdullah") -> Dr. Matin Saad Abdullah | D74: =IFERROR(__xludf.DUMMYFUNCTION("""COMPUTED_VALUE"""),"Professor") -> Professor | E74: =IFERROR(__xludf.DUMMYFUNCTION("""COMPUTED_VALUE"""),"Full Time") -> Full Time | F74: =IFERROR(__xludf.DUMMYFUNCTION("""COMPUTED_VALUE"""),"4G04") -> 4G04 | G74: =IFERROR(__xludf.DUMMYFUNCTION("""COMPUTED_VALUE"""),"mabdullah@bracu.ac.bd") -> mabdullah@bracu.ac.bd
A75: {=IF(ISBLANK(B75),,HYPERLINK("https://docs.google.com/spreadsheets/d/1aZ_8do2w3aA382MhZyJKG5amXZ6fpthJYoLsdM9x0gU/edit?gid="&XLOOKUP(B75,ID___!A:A,ID___!B:B,"")&"#gid="&XLOOKUP(B75,ID___!A:A,ID___!B:B,"")&"&range=A1:J1","Click"))} -> Click | B75: =IFERROR(__xludf.DUMMYFUNCTION("""COMPUTED_VALUE"""),"MSAH") -> MSAH | C75: =IFERROR(__xludf.DUMMYFUNCTION("""COMPUTED_VALUE"""),"Dr. Md. Sakir Hossain") -> Dr. Md. Sakir Hossain | D75: =IFERROR(__xludf.DUMMYFUNCTION("""COMPUTED_VALUE"""),"Associate Professor") -> Associate Professor | E75: =IFERROR(__xludf.DUMMYFUNCTION("""COMPUTED_VALUE"""),"Full Time") -> Full Time | F75: =IFERROR(__xludf.DUMMYFUNCTION("""COMPUTED_VALUE"""),"4G17") -> 4G17 | G75: =IFERROR(__xludf.DUMMYFUNCTION("""COMPUTED_VALUE"""),"sakir.hossain@bracu.ac.bd") -> sakir.hossain@bracu.ac.bd
A76: {=IF(ISBLANK(B76),,HYPERLINK("https://docs.google.com/spreadsheets/d/1aZ_8do2w3aA382MhZyJKG5amXZ6fpthJYoLsdM9x0gU/edit?gid="&XLOOKUP(B76,ID___!A:A,ID___!B:B,"")&"#gid="&XLOOKUP(B76,ID___!A:A,ID___!B:B,"")&"&range=A1:J1","Click"))} -> Click | B76: =IFERROR(__xludf.DUMMYFUNCTION("""COMPUTED_VALUE"""),"MSI") -> MSI | C76: =IFERROR(__xludf.DUMMYFUNCTION("""COMPUTED_VALUE"""),"Mr. Md. Saiful Islam") -> Mr. Md. Saiful Islam | D76: =IFERROR(__xludf.DUMMYFUNCTION("""COMPUTED_VALUE"""),"Senior Lecturer") -> Senior Lecturer | E76: =IFERROR(__xludf.DUMMYFUNCTION("""COMPUTED_VALUE"""),"Full Time") -> Full Time | F76: =IFERROR(__xludf.DUMMYFUNCTION("""COMPUTED_VALUE"""),"4G12") -> 4G12 | G76: =IFERROR(__xludf.DUMMYFUNCTION("""COMPUTED_VALUE"""),"md.saiful.islam@bracu.ac.bd") -> md.saiful.islam@bracu.ac.bd
A77: {=IF(ISBLANK(B77),,HYPERLINK("https://docs.google.com/spreadsheets/d/1aZ_8do2w3aA382MhZyJKG5amXZ6fpthJYoLsdM9x0gU/edit?gid="&XLOOKUP(B77,ID___!A:A,ID___!B:B,"")&"#gid="&XLOOKUP(B77,ID___!A:A,ID___!B:B,"")&"&range=A1:J1","Click"))} -> Click | B77: =IFERROR(__xludf.DUMMYFUNCTION("""COMPUTED_VALUE"""),"MSMA") -> MSMA | C77: =IFERROR(__xludf.DUMMYFUNCTION("""COMPUTED_VALUE"""),"Mr. Md. Shamim Mia") -> Mr. Md. Shamim Mia | D77: =IFERROR(__xludf.DUMMYFUNCTION("""COMPUTED_VALUE"""),"Lecturer") -> Lecturer | E77: =IFERROR(__xludf.DUMMYFUNCTION("""COMPUTED_VALUE"""),"Full Time") -> Full Time | F77: =IFERROR(__xludf.DUMMYFUNCTION("""COMPUTED_VALUE"""),"4M110") -> 4M110 | G77: =IFERROR(__xludf.DUMMYFUNCTION("""COMPUTED_VALUE"""),"shamim.mia@bracu.ac.bd") -> shamim.mia@bracu.ac.bd
A78: {=IF(ISBLANK(B78),,HYPERLINK("https://docs.google.com/spreadsheets/d/1aZ_8do2w3aA382MhZyJKG5amXZ6fpthJYoLsdM9x0gU/edit?gid="&XLOOKUP(B78,ID___!A:A,ID___!B:B,"")&"#gid="&XLOOKUP(B78,ID___!A:A,ID___!B:B,"")&"&range=A1:J1","Click"))} -> Click | B78: =IFERROR(__xludf.DUMMYFUNCTION("""COMPUTED_VALUE"""),"MTSM") -> MTSM | C78: =IFERROR(__xludf.DUMMYFUNCTION("""COMPUTED_VALUE"""),"MD. MUHTASIM MAHMUD") -> MD. MUHTASIM MAHMUD | D78: =IFERROR(__xludf.DUMMYFUNCTION("""COMPUTED_VALUE"""),"Lecturer") -> Lecturer | E78: =IFERROR(__xludf.DUMMYFUNCTION("""COMPUTED_VALUE"""),"Full Time") -> Full Time | F78: =IFERROR(__xludf.DUMMYFUNCTION("""COMPUTED_VALUE"""),"4M99") -> 4M99 | G78: =IFERROR(__xludf.DUMMYFUNCTION("""COMPUTED_VALUE"""),"muhtasim.mahmud@bracu.ac.bd") -> muhtasim.mahmud@bracu.ac.bd
A79: {=IF(ISBLANK(B79),,HYPERLINK("https://docs.google.com/spreadsheets/d/1aZ_8do2w3aA382MhZyJKG5amXZ6fpthJYoLsdM9x0gU/edit?gid="&XLOOKUP(B79,ID___!A:A,ID___!B:B,"")&"#gid="&XLOOKUP(B79,ID___!A:A,ID___!B:B,"")&"&range=A1:J1","Click"))} -> Click | B79: =IFERROR(__xludf.DUMMYFUNCTION("""COMPUTED_VALUE"""),"MUNR") -> MUNR | C79: =IFERROR(__xludf.DUMMYFUNCTION("""COMPUTED_VALUE"""),"A B M Muntasir Rahman") -> A B M Muntasir Rahman | D79: =IFERROR(__xludf.DUMMYFUNCTION("""COMPUTED_VALUE"""),"Lecturer") -> Lecturer | E79: =IFERROR(__xludf.DUMMYFUNCTION("""COMPUTED_VALUE"""),"Full Time") -> Full Time | F79: =IFERROR(__xludf.DUMMYFUNCTION("""COMPUTED_VALUE"""),"4L95") -> 4L95 | G79: =IFERROR(__xludf.DUMMYFUNCTION("""COMPUTED_VALUE"""),"abm.muntasir@bracu.ac.bd") -> abm.muntasir@bracu.ac.bd
A80: {=IF(ISBLANK(B80),,HYPERLINK("https://docs.google.com/spreadsheets/d/1aZ_8do2w3aA382MhZyJKG5amXZ6fpthJYoLsdM9x0gU/edit?gid="&XLOOKUP(B80,ID___!A:A,ID___!B:B,"")&"#gid="&XLOOKUP(B80,ID___!A:A,ID___!B:B,"")&"&range=A1:J1","Click"))} -> Click | B80: =IFERROR(__xludf.DUMMYFUNCTION("""COMPUTED_VALUE"""),"MVH") -> MVH | C80: =IFERROR(__xludf.DUMMYFUNCTION("""COMPUTED_VALUE"""),"Mohammad Naveed Hossain") -> Mohammad Naveed Hossain | D80: =IFERROR(__xludf.DUMMYFUNCTION("""COMPUTED_VALUE"""),"Lecturer") -> Lecturer | E80: =IFERROR(__xludf.DUMMYFUNCTION("""COMPUTED_VALUE"""),"Full Time") -> Full Time | F80: =IFERROR(__xludf.DUMMYFUNCTION("""COMPUTED_VALUE"""),"4M113") -> 4M113 | G80: =IFERROR(__xludf.DUMMYFUNCTION("""COMPUTED_VALUE"""),"mohammad.naveed@bracu.ac.bd") -> mohammad.naveed@bracu.ac.bd
A81: {=IF(ISBLANK(B81),,HYPERLINK("https://docs.google.com/spreadsheets/d/1aZ_8do2w3aA382MhZyJKG5amXZ6fpthJYoLsdM9x0gU/edit?gid="&XLOOKUP(B81,ID___!A:A,ID___!B:B,"")&"#gid="&XLOOKUP(B81,ID___!A:A,ID___!B:B,"")&"&range=A1:J1","Click"))} -> Click | B81: =IFERROR(__xludf.DUMMYFUNCTION("""COMPUTED_VALUE"""),"MZG") -> MZG | C81: =IFERROR(__xludf.DUMMYFUNCTION("""COMPUTED_VALUE"""),"Ahmed Mayeesha Reza Agomoni") -> Ahmed Mayeesha Reza Agomoni | D81: =IFERROR(__xludf.DUMMYFUNCTION("""COMPUTED_VALUE"""),"Lecturer") -> Lecturer | E81: =IFERROR(__xludf.DUMMYFUNCTION("""COMPUTED_VALUE"""),"Full Time") -> Full Time | F81: =IFERROR(__xludf.DUMMYFUNCTION("""COMPUTED_VALUE"""),"4L87") -> 4L87 | G81: =IFERROR(__xludf.DUMMYFUNCTION("""COMPUTED_VALUE"""),"ahmed.mayeesha@bracu.ac.bd") -> ahmed.mayeesha@bracu.ac.bd
A82: {=IF(ISBLANK(B82),,HYPERLINK("https://docs.google.com/spreadsheets/d/1aZ_8do2w3aA382MhZyJKG5amXZ6fpthJYoLsdM9x0gU/edit?gid="&XLOOKUP(B82,ID___!A:A,ID___!B:B,"")&"#gid="&XLOOKUP(B82,ID___!A:A,ID___!B:B,"")&"&range=A1:J1","Click"))} -> Click | B82: =IFERROR(__xludf.DUMMYFUNCTION("""COMPUTED_VALUE"""),"NAFR") -> NAFR | C82: =IFERROR(__xludf.DUMMYFUNCTION("""COMPUTED_VALUE"""),"Md Nafiu Rahman") -> Md Nafiu Rahman | D82: =IFERROR(__xludf.DUMMYFUNCTION("""COMPUTED_VALUE"""),"Lecturer") -> Lecturer | E82: =IFERROR(__xludf.DUMMYFUNCTION("""COMPUTED_VALUE"""),"Full Time") -> Full Time | F82: =IFERROR(__xludf.DUMMYFUNCTION("""COMPUTED_VALUE"""),"4N138") -> 4N138 | G82: =IFERROR(__xludf.DUMMYFUNCTION("""COMPUTED_VALUE"""),"nafiu.rahman@bracu.ac.bd") -> nafiu.rahman@bracu.ac.bd
A83: {=IF(ISBLANK(B83),,HYPERLINK("https://docs.google.com/spreadsheets/d/1aZ_8do2w3aA382MhZyJKG5amXZ6fpthJYoLsdM9x0gU/edit?gid="&XLOOKUP(B83,ID___!A:A,ID___!B:B,"")&"#gid="&XLOOKUP(B83,ID___!A:A,ID___!B:B,"")&"&range=A1:J1","Click"))} -> Click | B83: =IFERROR(__xludf.DUMMYFUNCTION("""COMPUTED_VALUE"""),"NAST") -> NAST | C83: =IFERROR(__xludf.DUMMYFUNCTION("""COMPUTED_VALUE"""),"Nazmus Sakib Touhid") -> Nazmus Sakib Touhid | D83: =IFERROR(__xludf.DUMMYFUNCTION("""COMPUTED_VALUE"""),"Lecturer") -> Lecturer | E83: =IFERROR(__xludf.DUMMYFUNCTION("""COMPUTED_VALUE"""),"Full Time") -> Full Time | F83: =IFERROR(__xludf.DUMMYFUNCTION("""COMPUTED_VALUE"""),"4P195") -> 4P195 | G83: =IFERROR(__xludf.DUMMYFUNCTION("""COMPUTED_VALUE"""),"nazmus.touhid@bracu.ac.bd") -> nazmus.touhid@bracu.ac.bd
A84: {=IF(ISBLANK(B84),,HYPERLINK("https://docs.google.com/spreadsheets/d/1aZ_8do2w3aA382MhZyJKG5amXZ6fpthJYoLsdM9x0gU/edit?gid="&XLOOKUP(B84,ID___!A:A,ID___!B:B,"")&"#gid="&XLOOKUP(B84,ID___!A:A,ID___!B:B,"")&"&range=A1:J1","Click"))} -> Click | B84: =IFERROR(__xludf.DUMMYFUNCTION("""COMPUTED_VALUE"""),"NDT") -> NDT | C84: =IFERROR(__xludf.DUMMYFUNCTION("""COMPUTED_VALUE"""),"NIRJHOR DATTA") -> NIRJHOR DATTA | D84: =IFERROR(__xludf.DUMMYFUNCTION("""COMPUTED_VALUE"""),"Lecturer") -> Lecturer | E84: =IFERROR(__xludf.DUMMYFUNCTION("""COMPUTED_VALUE"""),"Full Time") -> Full Time | F84: =IFERROR(__xludf.DUMMYFUNCTION("""COMPUTED_VALUE"""),"4M132") -> 4M132 | G84: =IFERROR(__xludf.DUMMYFUNCTION("""COMPUTED_VALUE"""),"nirjhor.datta@bracu.ac.bd") -> nirjhor.datta@bracu.ac.bd
A85: {=IF(ISBLANK(B85),,HYPERLINK("https://docs.google.com/spreadsheets/d/1aZ_8do2w3aA382MhZyJKG5amXZ6fpthJYoLsdM9x0gU/edit?gid="&XLOOKUP(B85,ID___!A:A,ID___!B:B,"")&"#gid="&XLOOKUP(B85,ID___!A:A,ID___!B:B,"")&"&range=A1:J1","Click"))} -> Click | B85: =IFERROR(__xludf.DUMMYFUNCTION("""COMPUTED_VALUE"""),"NLAM") -> NLAM | C85: =IFERROR(__xludf.DUMMYFUNCTION("""COMPUTED_VALUE"""),"Namirul Islam") -> Namirul Islam | D85: =IFERROR(__xludf.DUMMYFUNCTION("""COMPUTED_VALUE"""),"Lecturer") -> Lecturer | E85: =IFERROR(__xludf.DUMMYFUNCTION("""COMPUTED_VALUE"""),"Full Time") -> Full Time | F85: =IFERROR(__xludf.DUMMYFUNCTION("""COMPUTED_VALUE"""),"4N163") -> 4N163 | G85: =IFERROR(__xludf.DUMMYFUNCTION("""COMPUTED_VALUE"""),"namirul.islam@bracu.ac.bd") -> namirul.islam@bracu.ac.bd
A86: {=IF(ISBLANK(B86),,HYPERLINK("https://docs.google.com/spreadsheets/d/1aZ_8do2w3aA382MhZyJKG5amXZ6fpthJYoLsdM9x0gU/edit?gid="&XLOOKUP(B86,ID___!A:A,ID___!B:B,"")&"#gid="&XLOOKUP(B86,ID___!A:A,ID___!B:B,"")&"&range=A1:J1","Click"))} -> Click | B86: =IFERROR(__xludf.DUMMYFUNCTION("""COMPUTED_VALUE"""),"NLH") -> NLH | C86: =IFERROR(__xludf.DUMMYFUNCTION("""COMPUTED_VALUE"""),"Niloy Farhan") -> Niloy Farhan | D86: =IFERROR(__xludf.DUMMYFUNCTION("""COMPUTED_VALUE"""),"Lecturer") -> Lecturer | E86: =IFERROR(__xludf.DUMMYFUNCTION("""COMPUTED_VALUE"""),"Full Time") -> Full Time | F86: =IFERROR(__xludf.DUMMYFUNCTION("""COMPUTED_VALUE"""),"4M123") -> 4M123 | G86: =IFERROR(__xludf.DUMMYFUNCTION("""COMPUTED_VALUE"""),"niloy.farhan@bracu.ac.bd") -> niloy.farhan@bracu.ac.bd
A87: {=IF(ISBLANK(B87),,HYPERLINK("https://docs.google.com/spreadsheets/d/1aZ_8do2w3aA382MhZyJKG5amXZ6fpthJYoLsdM9x0gU/edit?gid="&XLOOKUP(B87,ID___!A:A,ID___!B:B,"")&"#gid="&XLOOKUP(B87,ID___!A:A,ID___!B:B,"")&"&range=A1:J1","Click"))} -> Click | B87: =IFERROR(__xludf.DUMMYFUNCTION("""COMPUTED_VALUE"""),"NNC") -> NNC | C87: =IFERROR(__xludf.DUMMYFUNCTION("""COMPUTED_VALUE"""),"Ms. Najeefa Nikhat Choudhury") -> Ms. Najeefa Nikhat Choudhury | D87: =IFERROR(__xludf.DUMMYFUNCTION("""COMPUTED_VALUE"""),"Senior Lecturer") -> Senior Lecturer | E87: =IFERROR(__xludf.DUMMYFUNCTION("""COMPUTED_VALUE"""),"Full Time") -> Full Time | F87: =IFERROR(__xludf.DUMMYFUNCTION("""COMPUTED_VALUE"""),"4G30") -> 4G30 | G87: =IFERROR(__xludf.DUMMYFUNCTION("""COMPUTED_VALUE"""),"najeefa.chy@bracu.ac.bd") -> najeefa.chy@bracu.ac.bd
A88: {=IF(ISBLANK(B88),,HYPERLINK("https://docs.google.com/spreadsheets/d/1aZ_8do2w3aA382MhZyJKG5amXZ6fpthJYoLsdM9x0gU/edit?gid="&XLOOKUP(B88,ID___!A:A,ID___!B:B,"")&"#gid="&XLOOKUP(B88,ID___!A:A,ID___!B:B,"")&"&range=A1:J1","Click"))} -> Click | B88: =IFERROR(__xludf.DUMMYFUNCTION("""COMPUTED_VALUE"""),"NTR") -> NTR | C88: =IFERROR(__xludf.DUMMYFUNCTION("""COMPUTED_VALUE"""),"Ms. Narzu Tarannum") -> Ms. Narzu Tarannum | D88: =IFERROR(__xludf.DUMMYFUNCTION("""COMPUTED_VALUE"""),"Lecturer") -> Lecturer | E88: =IFERROR(__xludf.DUMMYFUNCTION("""COMPUTED_VALUE"""),"Full Time") -> Full Time | F88: =IFERROR(__xludf.DUMMYFUNCTION("""COMPUTED_VALUE"""),"4G21") -> 4G21 | G88: =IFERROR(__xludf.DUMMYFUNCTION("""COMPUTED_VALUE"""),"narzu.tarannum@bracu.ac.bd") -> narzu.tarannum@bracu.ac.bd
A89: {=IF(ISBLANK(B89),,HYPERLINK("https://docs.google.com/spreadsheets/d/1aZ_8do2w3aA382MhZyJKG5amXZ6fpthJYoLsdM9x0gU/edit?gid="&XLOOKUP(B89,ID___!A:A,ID___!B:B,"")&"#gid="&XLOOKUP(B89,ID___!A:A,ID___!B:B,"")&"&range=A1:J1","Click"))} -> Click | B89: =IFERROR(__xludf.DUMMYFUNCTION("""COMPUTED_VALUE"""),"NZRF") -> NZRF | C89: =IFERROR(__xludf.DUMMYFUNCTION("""COMPUTED_VALUE"""),"Niaz Ashraf Khan") -> Niaz Ashraf Khan | D89: =IFERROR(__xludf.DUMMYFUNCTION("""COMPUTED_VALUE"""),"Senior Lecturer") -> Senior Lecturer | E89: =IFERROR(__xludf.DUMMYFUNCTION("""COMPUTED_VALUE"""),"Full Time") -> Full Time | F89: =IFERROR(__xludf.DUMMYFUNCTION("""COMPUTED_VALUE"""),"4M125") -> 4M125 | G89: =IFERROR(__xludf.DUMMYFUNCTION("""COMPUTED_VALUE"""),"niaz.ashraf@bracu.ac.bd") -> niaz.ashraf@bracu.ac.bd
A90: {=IF(ISBLANK(B90),,HYPERLINK("https://docs.google.com/spreadsheets/d/1aZ_8do2w3aA382MhZyJKG5amXZ6fpthJYoLsdM9x0gU/edit?gid="&XLOOKUP(B90,ID___!A:A,ID___!B:B,"")&"#gid="&XLOOKUP(B90,ID___!A:A,ID___!B:B,"")&"&range=A1:J1","Click"))} -> Click | B90: =IFERROR(__xludf.DUMMYFUNCTION("""COMPUTED_VALUE"""),"NZU") -> NZU | C90: =IFERROR(__xludf.DUMMYFUNCTION("""COMPUTED_VALUE"""),"Nazmul Islam") -> Nazmul Islam | D90: =IFERROR(__xludf.DUMMYFUNCTION("""COMPUTED_VALUE"""),"Lecturer") -> Lecturer | E90: =IFERROR(__xludf.DUMMYFUNCTION("""COMPUTED_VALUE"""),"Full Time") -> Full Time | F90: =IFERROR(__xludf.DUMMYFUNCTION("""COMPUTED_VALUE"""),"4M121") -> 4M121 | G90: =IFERROR(__xludf.DUMMYFUNCTION("""COMPUTED_VALUE"""),"nazmul.islam1@bracu.ac.bd") -> nazmul.islam1@bracu.ac.bd
A91: {=IF(ISBLANK(B91),,HYPERLINK("https://docs.google.com/spreadsheets/d/1aZ_8do2w3aA382MhZyJKG5amXZ6fpthJYoLsdM9x0gU/edit?gid="&XLOOKUP(B91,ID___!A:A,ID___!B:B,"")&"#gid="&XLOOKUP(B91,ID___!A:A,ID___!B:B,"")&"&range=A1:J1","Click"))} -> Click | B91: =IFERROR(__xludf.DUMMYFUNCTION("""COMPUTED_VALUE"""),"PBK") -> PBK | C91: =IFERROR(__xludf.DUMMYFUNCTION("""COMPUTED_VALUE"""),"Mr. Partha Bhoumik") -> Mr. Partha Bhoumik | D91: =IFERROR(__xludf.DUMMYFUNCTION("""COMPUTED_VALUE"""),"Lecturer") -> Lecturer | E91: =IFERROR(__xludf.DUMMYFUNCTION("""COMPUTED_VALUE"""),"Full Time") -> Full Time | F91: =IFERROR(__xludf.DUMMYFUNCTION("""COMPUTED_VALUE"""),"4M108") -> 4M108 | G91: =IFERROR(__xludf.DUMMYFUNCTION("""COMPUTED_VALUE"""),"partha.bhoumik@bracu.ac.bd") -> partha.bhoumik@bracu.ac.bd
A92: {=IF(ISBLANK(B92),,HYPERLINK("https://docs.google.com/spreadsheets/d/1aZ_8do2w3aA382MhZyJKG5amXZ6fpthJYoLsdM9x0gU/edit?gid="&XLOOKUP(B92,ID___!A:A,ID___!B:B,"")&"#gid="&XLOOKUP(B92,ID___!A:A,ID___!B:B,"")&"&range=A1:J1","Click"))} -> Click | B92: =IFERROR(__xludf.DUMMYFUNCTION("""COMPUTED_VALUE"""),"PDS") -> PDS | C92: =IFERROR(__xludf.DUMMYFUNCTION("""COMPUTED_VALUE"""),"Mr. Purbayan Das") -> Mr. Purbayan Das | D92: =IFERROR(__xludf.DUMMYFUNCTION("""COMPUTED_VALUE"""),"Lecturer") -> Lecturer | E92: =IFERROR(__xludf.DUMMYFUNCTION("""COMPUTED_VALUE"""),"Full Time") -> Full Time | F92: =IFERROR(__xludf.DUMMYFUNCTION("""COMPUTED_VALUE"""),"4N140") -> 4N140 | G92: =IFERROR(__xludf.DUMMYFUNCTION("""COMPUTED_VALUE"""),"purbayan.das@bracu.ac.bd") -> purbayan.das@bracu.ac.bd
A93: {=IF(ISBLANK(B93),,HYPERLINK("https://docs.google.com/spreadsheets/d/1aZ_8do2w3aA382MhZyJKG5amXZ6fpthJYoLsdM9x0gU/edit?gid="&XLOOKUP(B93,ID___!A:A,ID___!B:B,"")&"#gid="&XLOOKUP(B93,ID___!A:A,ID___!B:B,"")&"&range=A1:J1","Click"))} -> Click | B93: =IFERROR(__xludf.DUMMYFUNCTION("""COMPUTED_VALUE"""),"PLN") -> PLN | C93: =IFERROR(__xludf.DUMMYFUNCTION("""COMPUTED_VALUE"""),"Pollock Nag") -> Pollock Nag | D93: =IFERROR(__xludf.DUMMYFUNCTION("""COMPUTED_VALUE"""),"Lecturer") -> Lecturer | E93: =IFERROR(__xludf.DUMMYFUNCTION("""COMPUTED_VALUE"""),"Full Time") -> Full Time | F93: =IFERROR(__xludf.DUMMYFUNCTION("""COMPUTED_VALUE"""),"4M101") -> 4M101 | G93: =IFERROR(__xludf.DUMMYFUNCTION("""COMPUTED_VALUE"""),"pollock.nag@bracu.ac.bd") -> pollock.nag@bracu.ac.bd
A94: {=IF(ISBLANK(B94),,HYPERLINK("https://docs.google.com/spreadsheets/d/1aZ_8do2w3aA382MhZyJKG5amXZ6fpthJYoLsdM9x0gU/edit?gid="&XLOOKUP(B94,ID___!A:A,ID___!B:B,"")&"#gid="&XLOOKUP(B94,ID___!A:A,ID___!B:B,"")&"&range=A1:J1","Click"))} -> Click | B94: =IFERROR(__xludf.DUMMYFUNCTION("""COMPUTED_VALUE"""),"PSMD") -> PSMD | C94: =IFERROR(__xludf.DUMMYFUNCTION("""COMPUTED_VALUE"""),"Prothito Shovon Majumder") -> Prothito Shovon Majumder | D94: =IFERROR(__xludf.DUMMYFUNCTION("""COMPUTED_VALUE"""),"Lecturer") -> Lecturer | E94: =IFERROR(__xludf.DUMMYFUNCTION("""COMPUTED_VALUE"""),"Full Time") -> Full Time | F94: =IFERROR(__xludf.DUMMYFUNCTION("""COMPUTED_VALUE"""),"4M115") -> 4M115 | G94: =IFERROR(__xludf.DUMMYFUNCTION("""COMPUTED_VALUE"""),"prothito.shovon@bracu.ac.bd") -> prothito.shovon@bracu.ac.bd
A95: {=IF(ISBLANK(B95),,HYPERLINK("https://docs.google.com/spreadsheets/d/1aZ_8do2w3aA382MhZyJKG5amXZ6fpthJYoLsdM9x0gU/edit?gid="&XLOOKUP(B95,ID___!A:A,ID___!B:B,"")&"#gid="&XLOOKUP(B95,ID___!A:A,ID___!B:B,"")&"&range=A1:J1","Click"))} -> Click | B95: =IFERROR(__xludf.DUMMYFUNCTION("""COMPUTED_VALUE"""),"QUZA") -> QUZA | C95: =IFERROR(__xludf.DUMMYFUNCTION("""COMPUTED_VALUE"""),"Quazi Ashikur Rahman") -> Quazi Ashikur Rahman | D95: =IFERROR(__xludf.DUMMYFUNCTION("""COMPUTED_VALUE"""),"Lecturer") -> Lecturer | E95: =IFERROR(__xludf.DUMMYFUNCTION("""COMPUTED_VALUE"""),"Full Time") -> Full Time | F95: =IFERROR(__xludf.DUMMYFUNCTION("""COMPUTED_VALUE"""),"4M120") -> 4M120 | G95: =IFERROR(__xludf.DUMMYFUNCTION("""COMPUTED_VALUE"""),"quazi.ashikur@bracu.ac.bd") -> quazi.ashikur@bracu.ac.bd
A96: {=IF(ISBLANK(B96),,HYPERLINK("https://docs.google.com/spreadsheets/d/1aZ_8do2w3aA382MhZyJKG5amXZ6fpthJYoLsdM9x0gU/edit?gid="&XLOOKUP(B96,ID___!A:A,ID___!B:B,"")&"#gid="&XLOOKUP(B96,ID___!A:A,ID___!B:B,"")&"&range=A1:J1","Click"))} -> Click | B96: =IFERROR(__xludf.DUMMYFUNCTION("""COMPUTED_VALUE"""),"RAHA") -> RAHA | C96: =IFERROR(__xludf.DUMMYFUNCTION("""COMPUTED_VALUE"""),"Farzana Reefat Raha") -> Farzana Reefat Raha | D96: =IFERROR(__xludf.DUMMYFUNCTION("""COMPUTED_VALUE"""),"Lecturer") -> Lecturer | E96: =IFERROR(__xludf.DUMMYFUNCTION("""COMPUTED_VALUE"""),"Full Time") -> Full Time | F96: =IFERROR(__xludf.DUMMYFUNCTION("""COMPUTED_VALUE"""),"4P178") -> 4P178 | G96: =IFERROR(__xludf.DUMMYFUNCTION("""COMPUTED_VALUE"""),"reefat.raha@bracu.ac.bd") -> reefat.raha@bracu.ac.bd
A97: {=IF(ISBLANK(B97),,HYPERLINK("https://docs.google.com/spreadsheets/d/1aZ_8do2w3aA382MhZyJKG5amXZ6fpthJYoLsdM9x0gU/edit?gid="&XLOOKUP(B97,ID___!A:A,ID___!B:B,"")&"#gid="&XLOOKUP(B97,ID___!A:A,ID___!B:B,"")&"&range=A1:J1","Click"))} -> Click | B97: =IFERROR(__xludf.DUMMYFUNCTION("""COMPUTED_VALUE"""),"RAK") -> RAK | C97: =IFERROR(__xludf.DUMMYFUNCTION("""COMPUTED_VALUE"""),"Mr. Rubayat Ahmed Khan") -> Mr. Rubayat Ahmed Khan | D97: =IFERROR(__xludf.DUMMYFUNCTION("""COMPUTED_VALUE"""),"Senior Lecturer") -> Senior Lecturer | E97: =IFERROR(__xludf.DUMMYFUNCTION("""COMPUTED_VALUE"""),"Full Time") -> Full Time | F97: =IFERROR(__xludf.DUMMYFUNCTION("""COMPUTED_VALUE"""),"4G12") -> 4G12 | G97: =IFERROR(__xludf.DUMMYFUNCTION("""COMPUTED_VALUE"""),"rubayat.ahmed@bracu.ac.bd") -> rubayat.ahmed@bracu.ac.bd
A98: {=IF(ISBLANK(B98),,HYPERLINK("https://docs.google.com/spreadsheets/d/1aZ_8do2w3aA382MhZyJKG5amXZ6fpthJYoLsdM9x0gU/edit?gid="&XLOOKUP(B98,ID___!A:A,ID___!B:B,"")&"#gid="&XLOOKUP(B98,ID___!A:A,ID___!B:B,"")&"&range=A1:J1","Click"))} -> Click | B98: =IFERROR(__xludf.DUMMYFUNCTION("""COMPUTED_VALUE"""),"RAS") -> RAS | C98: =IFERROR(__xludf.DUMMYFUNCTION("""COMPUTED_VALUE"""),"Md. Rasel Mia") -> Md. Rasel Mia | D98: =IFERROR(__xludf.DUMMYFUNCTION("""COMPUTED_VALUE"""),"Lecturer") -> Lecturer | E98: =IFERROR(__xludf.DUMMYFUNCTION("""COMPUTED_VALUE"""),"Full Time") -> Full Time | F98: =IFERROR(__xludf.DUMMYFUNCTION("""COMPUTED_VALUE"""),"4N149") -> 4N149 | G98: =IFERROR(__xludf.DUMMYFUNCTION("""COMPUTED_VALUE"""),"rasel.mia@bracu.ac.bd") -> rasel.mia@bracu.ac.bd
A99: {=IF(ISBLANK(B99),,HYPERLINK("https://docs.google.com/spreadsheets/d/1aZ_8do2w3aA382MhZyJKG5amXZ6fpthJYoLsdM9x0gU/edit?gid="&XLOOKUP(B99,ID___!A:A,ID___!B:B,"")&"#gid="&XLOOKUP(B99,ID___!A:A,ID___!B:B,"")&"&range=A1:J1","Click"))} -> Click | B99: =IFERROR(__xludf.DUMMYFUNCTION("""COMPUTED_VALUE"""),"RBR") -> RBR | C99: =IFERROR(__xludf.DUMMYFUNCTION("""COMPUTED_VALUE"""),"Mr. Rakin Bin Rabbani") -> Mr. Rakin Bin Rabbani | D99: =IFERROR(__xludf.DUMMYFUNCTION("""COMPUTED_VALUE"""),"Lecturer") -> Lecturer | E99: =IFERROR(__xludf.DUMMYFUNCTION("""COMPUTED_VALUE"""),"Full Time") -> Full Time | F99: =IFERROR(__xludf.DUMMYFUNCTION("""COMPUTED_VALUE"""),"4J60") -> 4J60 | G99: =IFERROR(__xludf.DUMMYFUNCTION("""COMPUTED_VALUE"""),"rakin.rabbani@bracu.ac.bd") -> rakin.rabbani@bracu.ac.bd
A100: {=IF(ISBLANK(B100),,HYPERLINK("https://docs.google.com/spreadsheets/d/1aZ_8do2w3aA382MhZyJKG5amXZ6fpthJYoLsdM9x0gU/edit?gid="&XLOOKUP(B100,ID___!A:A,ID___!B:B,"")&"#gid="&XLOOKUP(B100,ID___!A:A,ID___!B:B,"")&"&range=A1:J1","Click"))} -> Click | B100: =IFERROR(__xludf.DUMMYFUNCTION("""COMPUTED_VALUE"""),"RDW") -> RDW | C100: =IFERROR(__xludf.DUMMYFUNCTION("""COMPUTED_VALUE"""),"Redowanul Akbar") -> Redowanul Akbar | D100: =IFERROR(__xludf.DUMMYFUNCTION("""COMPUTED_VALUE"""),"Lecturer") -> Lecturer | E100: =IFERROR(__xludf.DUMMYFUNCTION("""COMPUTED_VALUE"""),"Full Time") -> Full Time | F100: =IFERROR(__xludf.DUMMYFUNCTION("""COMPUTED_VALUE"""),"4J56") -> 4J56 | G100: =IFERROR(__xludf.DUMMYFUNCTION("""COMPUTED_VALUE"""),"redowanul.akbar@bracu.ac.bd") -> redowanul.akbar@bracu.ac.bd
...

Sheet Course_Coordinators
B1: Theory Coordinators | F1: Lab Coordinators
A2: =IFERROR(__xludf.DUMMYFUNCTION("IMPORTRANGE(""https://docs.google.com/spreadsheets/d/1SuEMkbHknElA7RJfCzr-w8vM-qm1KDf2hFbF_KtAGgY/edit#gid=405217023"",""Coordination_""&Links!A2&""!A:I"")"),"Course") -> Course | B2: =IFERROR(__xludf.DUMMYFUNCTION("""COMPUTED_VALUE"""),"Theory 1") -> Theory 1 | C2: =IFERROR(__xludf.DUMMYFUNCTION("""COMPUTED_VALUE"""),"Theory 2") -> Theory 2 | D2: =IFERROR(__xludf.DUMMYFUNCTION("""COMPUTED_VALUE"""),"Theory 3") -> Theory 3 | E2: =IFERROR(__xludf.DUMMYFUNCTION("""COMPUTED_VALUE"""),"Theory Email") -> Theory Email | F2: =IFERROR(__xludf.DUMMYFUNCTION("""COMPUTED_VALUE"""),"Lab 1") -> Lab 1 | G2: =IFERROR(__xludf.DUMMYFUNCTION("""COMPUTED_VALUE"""),"Lab 2") -> Lab 2 | H2: =IFERROR(__xludf.DUMMYFUNCTION("""COMPUTED_VALUE"""),"Lab 3") -> Lab 3 | I2: =IFERROR(__xludf.DUMMYFUNCTION("""COMPUTED_VALUE"""),"Lab Email") -> Lab Email
A3: =IFERROR(__xludf.DUMMYFUNCTION("""COMPUTED_VALUE"""),"CSE101") -> CSE101 | B3: =IFERROR(__xludf.DUMMYFUNCTION("""COMPUTED_VALUE"""),"RBR") -> RBR | E3: =IFERROR(__xludf.DUMMYFUNCTION("""COMPUTED_VALUE"""),"rakin.rabbani@bracu.ac.bd") -> rakin.rabbani@bracu.ac.bd | F3: =IFERROR(__xludf.DUMMYFUNCTION("""COMPUTED_VALUE"""),"RBR") -> RBR | I3: =IFERROR(__xludf.DUMMYFUNCTION("""COMPUTED_VALUE"""),"rakin.rabbani@bracu.ac.bd") -> rakin.rabbani@bracu.ac.bd
A4: =IFERROR(__xludf.DUMMYFUNCTION("""COMPUTED_VALUE"""),"CSE103") -> CSE103 | E4: =IFERROR(__xludf.DUMMYFUNCTION("""COMPUTED_VALUE"""),"") | F4: =IFERROR(__xludf.DUMMYFUNCTION("""COMPUTED_VALUE"""),"RBR") -> RBR | I4: =IFERROR(__xludf.DUMMYFUNCTION("""COMPUTED_VALUE"""),"rakin.rabbani@bracu.ac.bd") -> rakin.rabbani@bracu.ac.bd
A5: =IFERROR(__xludf.DUMMYFUNCTION("""COMPUTED_VALUE"""),"CSE110") -> CSE110 | B5: =IFERROR(__xludf.DUMMYFUNCTION("""COMPUTED_VALUE"""),"TAW") -> TAW | E5: =IFERROR(__xludf.DUMMYFUNCTION("""COMPUTED_VALUE"""),"tawhid.anwar@bracu.ac.bd") -> tawhid.anwar@bracu.ac.bd | F5: =IFERROR(__xludf.DUMMYFUNCTION("""COMPUTED_VALUE"""),"DFD") -> DFD | G5: =IFERROR(__xludf.DUMMYFUNCTION("""COMPUTED_VALUE"""),"RKBM") -> RKBM | I5: =IFERROR(__xludf.DUMMYFUNCTION("""COMPUTED_VALUE"""),"fabian.dofadar@bracu.ac.bd,mohammad.rakibul@bracu.ac.bd") -> fabian.dofadar@bracu.ac.bd,mohammad.rakibul@bracu.ac.bd
A6: =IFERROR(__xludf.DUMMYFUNCTION("""COMPUTED_VALUE"""),"CSE111") -> CSE111 | B6: =IFERROR(__xludf.DUMMYFUNCTION("""COMPUTED_VALUE"""),"TAW") -> TAW | E6: =IFERROR(__xludf.DUMMYFUNCTION("""COMPUTED_VALUE"""),"tawhid.anwar@bracu.ac.bd") -> tawhid.anwar@bracu.ac.bd | F6: =IFERROR(__xludf.DUMMYFUNCTION("""COMPUTED_VALUE"""),"KNI") -> KNI | G6: =IFERROR(__xludf.DUMMYFUNCTION("""COMPUTED_VALUE"""),"ADU") -> ADU | I6: =IFERROR(__xludf.DUMMYFUNCTION("""COMPUTED_VALUE"""),"nazia.iqbal@bracu.ac.bd,ahmed.ruhan@bracu.ac.bd") -> nazia.iqbal@bracu.ac.bd,ahmed.ruhan@bracu.ac.bd
A7: =IFERROR(__xludf.DUMMYFUNCTION("""COMPUTED_VALUE"""),"CSE220") -> CSE220 | B7: =IFERROR(__xludf.DUMMYFUNCTION("""COMPUTED_VALUE"""),"AIB") -> AIB | E7: =IFERROR(__xludf.DUMMYFUNCTION("""COMPUTED_VALUE"""),"abu.ibrahim@bracu.ac.bd") -> abu.ibrahim@bracu.ac.bd | F7: =IFERROR(__xludf.DUMMYFUNCTION("""COMPUTED_VALUE"""),"AIB") -> AIB | G7: =IFERROR(__xludf.DUMMYFUNCTION("""COMPUTED_VALUE"""),"KKS") -> KKS | I7: =IFERROR(__xludf.DUMMYFUNCTION("""COMPUTED_VALUE"""),"abu.ibrahim@bracu.ac.bd,md.khaliduzzaman@bracu.ac.bd") -> abu.ibrahim@bracu.ac.bd,md.khaliduzzaman@bracu.ac.bd
A8: =IFERROR(__xludf.DUMMYFUNCTION("""COMPUTED_VALUE"""),"CSE221") -> CSE221 | B8: =IFERROR(__xludf.DUMMYFUNCTION("""COMPUTED_VALUE"""),"FGZ") -> FGZ | C8: =IFERROR(__xludf.DUMMYFUNCTION("""COMPUTED_VALUE"""),"IBA") -> IBA | E8: =IFERROR(__xludf.DUMMYFUNCTION("""COMPUTED_VALUE"""),"fakhruddin.gazzali@bracu.ac.bd,imran.azad@bracu.ac.bd") -> fakhruddin.gazzali@bracu.ac.bd,imran.azad@bracu.ac.bd | F8: =IFERROR(__xludf.DUMMYFUNCTION("""COMPUTED_VALUE"""),"KKP") -> KKP | I8: =IFERROR(__xludf.DUMMYFUNCTION("""COMPUTED_VALUE"""),"kabbya.kantam@bracu.ac.bd") -> kabbya.kantam@bracu.ac.bd
A9: =IFERROR(__xludf.DUMMYFUNCTION("""COMPUTED_VALUE"""),"CSE230") -> CSE230 | B9: =IFERROR(__xludf.DUMMYFUNCTION("""COMPUTED_VALUE"""),"AVB") -> AVB | C9: =IFERROR(__xludf.DUMMYFUNCTION("""COMPUTED_VALUE"""),"FIC") -> FIC | E9: =IFERROR(__xludf.DUMMYFUNCTION("""COMPUTED_VALUE"""),"avinandan@bracu.ac.bd,fatiha.ishrar@bracu.ac.bd") -> avinandan@bracu.ac.bd,fatiha.ishrar@bracu.ac.bd | I9: =IFERROR(__xludf.DUMMYFUNCTION("""COMPUTED_VALUE"""),"")
A10: =IFERROR(__xludf.DUMMYFUNCTION("""COMPUTED_VALUE"""),"CSE250") -> CSE250 | B10: =IFERROR(__xludf.DUMMYFUNCTION("""COMPUTED_VALUE"""),"SDS") -> SDS | C10: =IFERROR(__xludf.DUMMYFUNCTION("""COMPUTED_VALUE"""),"PDS") -> PDS | E10: =IFERROR(__xludf.DUMMYFUNCTION("""COMPUTED_VALUE"""),"shadman.shahriar@bracu.ac.bd,purbayan.das@bracu.ac.bd") -> shadman.shahriar@bracu.ac.bd,purbayan.das@bracu.ac.bd | F10: =IFERROR(__xludf.DUMMYFUNCTION("""COMPUTED_VALUE"""),"SDQ") -> SDQ | G10: =IFERROR(__xludf.DUMMYFUNCTION("""COMPUTED_VALUE"""),"FFR") -> FFR | I10: =IFERROR(__xludf.DUMMYFUNCTION("""COMPUTED_VALUE"""),"saiful.bari@bracu.ac.bd,md.fatin@bracu.ac.bd") -> saiful.bari@bracu.ac.bd,md.fatin@bracu.ac.bd
A11: =IFERROR(__xludf.DUMMYFUNCTION("""COMPUTED_VALUE"""),"CSE251") -> CSE251 | B11: =IFERROR(__xludf.DUMMYFUNCTION("""COMPUTED_VALUE"""),"PDS") -> PDS | C11: =IFERROR(__xludf.DUMMYFUNCTION("""COMPUTED_VALUE"""),"UTS") -> UTS | E11: =IFERROR(__xludf.DUMMYFUNCTION("""COMPUTED_VALUE"""),"purbayan.das@bracu.ac.bd,utsab.saha@bracu.ac.bd") -> purbayan.das@bracu.ac.bd,utsab.saha@bracu.ac.bd | F11: =IFERROR(__xludf.DUMMYFUNCTION("""COMPUTED_VALUE"""),"MOM") -> MOM | I11: =IFERROR(__xludf.DUMMYFUNCTION("""COMPUTED_VALUE"""),"moynul.moni@bracu.ac.bd") -> moynul.moni@bracu.ac.bd
A12: =IFERROR(__xludf.DUMMYFUNCTION("""COMPUTED_VALUE"""),"CSE260") -> CSE260 | B12: =IFERROR(__xludf.DUMMYFUNCTION("""COMPUTED_VALUE"""),"DZK") -> DZK | E12: =IFERROR(__xludf.DUMMYFUNCTION("""COMPUTED_VALUE"""),"ziaul.karim@bracu.ac.bd") -> ziaul.karim@bracu.ac.bd | F12: =IFERROR(__xludf.DUMMYFUNCTION("""COMPUTED_VALUE"""),"DZK") -> DZK | G12: =IFERROR(__xludf.DUMMYFUNCTION("""COMPUTED_VALUE"""),"PBK") -> PBK | I12: =IFERROR(__xludf.DUMMYFUNCTION("""COMPUTED_VALUE"""),"ziaul.karim@bracu.ac.bd,partha.bhoumik@bracu.ac.bd") -> ziaul.karim@bracu.ac.bd,partha.bhoumik@bracu.ac.bd
A13: =IFERROR(__xludf.DUMMYFUNCTION("""COMPUTED_VALUE"""),"CSE310") -> CSE310 | B13: =IFERROR(__xludf.DUMMYFUNCTION("""COMPUTED_VALUE"""),"ADR") -> ADR | E13: =IFERROR(__xludf.DUMMYFUNCTION("""COMPUTED_VALUE"""),"abdur.rahman@bracu.ac.bd") -> abdur.rahman@bracu.ac.bd | F13: =IFERROR(__xludf.DUMMYFUNCTION("""COMPUTED_VALUE"""),"ADR") -> ADR | I13: =IFERROR(__xludf.DUMMYFUNCTION("""COMPUTED_VALUE"""),"abdur.rahman@bracu.ac.bd") -> abdur.rahman@bracu.ac.bd
A14: =IFERROR(__xludf.DUMMYFUNCTION("""COMPUTED_VALUE"""),"CSE320") -> CSE320 | B14: =IFERROR(__xludf.DUMMYFUNCTION("""COMPUTED_VALUE"""),"SRJ") -> SRJ | E14: =IFERROR(__xludf.DUMMYFUNCTION("""COMPUTED_VALUE"""),"seraj.mehnaz@bracu.ac.bd") -> seraj.mehnaz@bracu.ac.bd | I14: =IFERROR(__xludf.DUMMYFUNCTION("""COMPUTED_VALUE"""),"")
A15: =IFERROR(__xludf.DUMMYFUNCTION("""COMPUTED_VALUE"""),"CSE321") -> CSE321 | B15: =IFERROR(__xludf.DUMMYFUNCTION("""COMPUTED_VALUE"""),"BDH") -> BDH | C15: =IFERROR(__xludf.DUMMYFUNCTION("""COMPUTED_VALUE"""),"SZD") -> SZD | E15: =IFERROR(__xludf.DUMMYFUNCTION("""COMPUTED_VALUE"""),"badrul.hossain@bracu.ac.bd,shazid.mahbub@bracu.ac.bd") -> badrul.hossain@bracu.ac.bd,shazid.mahbub@bracu.ac.bd | F15: =IFERROR(__xludf.DUMMYFUNCTION("""COMPUTED_VALUE"""),"BDH") -> BDH | G15: =IFERROR(__xludf.DUMMYFUNCTION("""COMPUTED_VALUE"""),"SWV") -> SWV | I15: =IFERROR(__xludf.DUMMYFUNCTION("""COMPUTED_VALUE"""),"badrul.hossain@bracu.ac.bd,showvik.biswas@bracu.ac.bd") -> badrul.hossain@bracu.ac.bd,showvik.biswas@bracu.ac.bd
A16: =IFERROR(__xludf.DUMMYFUNCTION("""COMPUTED_VALUE"""),"CSE330") -> CSE330 | B16: =IFERROR(__xludf.DUMMYFUNCTION("""COMPUTED_VALUE"""),"AMK") -> AMK | C16: =IFERROR(__xludf.DUMMYFUNCTION("""COMPUTED_VALUE"""),"AQU") -> AQU | E16: =IFERROR(__xludf.DUMMYFUNCTION("""COMPUTED_VALUE"""),"abu.khan@bracu.ac.bd,aquib.azmain@bracu.ac.bd") -> abu.khan@bracu.ac.bd,aquib.azmain@bracu.ac.bd | F16: =IFERROR(__xludf.DUMMYFUNCTION("""COMPUTED_VALUE"""),"MNP") -> MNP | G16: =IFERROR(__xludf.DUMMYFUNCTION("""COMPUTED_VALUE"""),"NTN") -> NTN | I16: =IFERROR(__xludf.DUMMYFUNCTION("""COMPUTED_VALUE"""),"mushfique.nasir@bracu.ac.bd,ext.naima.tahsin@bracu.ac.bd") -> mushfique.nasir@bracu.ac.bd,ext.naima.tahsin@bracu.ac.bd
A17: =IFERROR(__xludf.DUMMYFUNCTION("""COMPUTED_VALUE"""),"CSE331") -> CSE331 | B17: =IFERROR(__xludf.DUMMYFUNCTION("""COMPUTED_VALUE"""),"KKP") -> KKP | C17: =IFERROR(__xludf.DUMMYFUNCTION("""COMPUTED_VALUE"""),"RSS") -> RSS | E17: =IFERROR(__xludf.DUMMYFUNCTION("""COMPUTED_VALUE"""),"kabbya.kantam@bracu.ac.bd,rafiad.shahir@bracu.ac.bd") -> kabbya.kantam@bracu.ac.bd,rafiad.shahir@bracu.ac.bd | I17: =IFERROR(__xludf.DUMMYFUNCTION("""COMPUTED_VALUE"""),"")
A18: =IFERROR(__xludf.DUMMYFUNCTION("""COMPUTED_VALUE"""),"CSE340") -> CSE340 | B18: =IFERROR(__xludf.DUMMYFUNCTION("""COMPUTED_VALUE"""),"PBK") -> PBK | E18: =IFERROR(__xludf.DUMMYFUNCTION("""COMPUTED_VALUE"""),"partha.bhoumik@bracu.ac.bd") -> partha.bhoumik@bracu.ac.bd | I18: =IFERROR(__xludf.DUMMYFUNCTION("""COMPUTED_VALUE"""),"")
A19: =IFERROR(__xludf.DUMMYFUNCTION("""COMPUTED_VALUE"""),"CSE341") -> CSE341 | B19: =IFERROR(__xludf.DUMMYFUNCTION("""COMPUTED_VALUE"""),"RKN") -> RKN | E19: =IFERROR(__xludf.DUMMYFUNCTION("""COMPUTED_VALUE"""),"raisul.kabir@bracu.ac.bd") -> raisul.kabir@bracu.ac.bd | F19: =IFERROR(__xludf.DUMMYFUNCTION("""COMPUTED_VALUE"""),"RKN") -> RKN | G19: =IFERROR(__xludf.DUMMYFUNCTION("""COMPUTED_VALUE"""),"NWT") -> NWT | I19: =IFERROR(__xludf.DUMMYFUNCTION("""COMPUTED_VALUE"""),"raisul.kabir@bracu.ac.bd,ext.nowshin.tabassum@bracu.ac.bd") -> raisul.kabir@bracu.ac.bd,ext.nowshin.tabassum@bracu.ac.bd
A20: =IFERROR(__xludf.DUMMYFUNCTION("""COMPUTED_VALUE"""),"CSE350") -> CSE350 | B20: =IFERROR(__xludf.DUMMYFUNCTION("""COMPUTED_VALUE"""),"ZAZ") -> ZAZ | C20: =IFERROR(__xludf.DUMMYFUNCTION("""COMPUTED_VALUE"""),"TSE") -> TSE | E20: =IFERROR(__xludf.DUMMYFUNCTION("""COMPUTED_VALUE"""),"ihzaz.sadik@bracu.ac.bd,tasneem.mazhar@bracu.ac.bd") -> ihzaz.sadik@bracu.ac.bd,tasneem.mazhar@bracu.ac.bd | F20: =IFERROR(__xludf.DUMMYFUNCTION("""COMPUTED_VALUE"""),"TSE") -> TSE | I20: =IFERROR(__xludf.DUMMYFUNCTION("""COMPUTED_VALUE"""),"tasneem.mazhar@bracu.ac.bd") -> tasneem.mazhar@bracu.ac.bd
A21: =IFERROR(__xludf.DUMMYFUNCTION("""COMPUTED_VALUE"""),"CSE360") -> CSE360 | B21: =IFERROR(__xludf.DUMMYFUNCTION("""COMPUTED_VALUE"""),"UJT") -> UJT | E21: =IFERROR(__xludf.DUMMYFUNCTION("""COMPUTED_VALUE"""),"jannat.taposhi@bracu.ac.bd") -> jannat.taposhi@bracu.ac.bd | F21: =IFERROR(__xludf.DUMMYFUNCTION("""COMPUTED_VALUE"""),"UJT") -> UJT | G21: =IFERROR(__xludf.DUMMYFUNCTION("""COMPUTED_VALUE"""),"RDW") -> RDW | I21: =IFERROR(__xludf.DUMMYFUNCTION("""COMPUTED_VALUE"""),"jannat.taposhi@bracu.ac.bd,redowanul.akbar@bracu.ac.bd") -> jannat.taposhi@bracu.ac.bd,redowanul.akbar@bracu.ac.bd
A22: =IFERROR(__xludf.DUMMYFUNCTION("""COMPUTED_VALUE"""),"CSE370") -> CSE370 | B22: =IFERROR(__xludf.DUMMYFUNCTION("""COMPUTED_VALUE"""),"NNC") -> NNC | E22: =IFERROR(__xludf.DUMMYFUNCTION("""COMPUTED_VALUE"""),"najeefa.chy@bracu.ac.bd") -> najeefa.chy@bracu.ac.bd | F22: =IFERROR(__xludf.DUMMYFUNCTION("""COMPUTED_VALUE"""),"FEK") -> FEK | I22: =IFERROR(__xludf.DUMMYFUNCTION("""COMPUTED_VALUE"""),"farden.khan@bracu.ac.bd") -> farden.khan@bracu.ac.bd
A23: =IFERROR(__xludf.DUMMYFUNCTION("""COMPUTED_VALUE"""),"CSE391") -> CSE391 | B23: =IFERROR(__xludf.DUMMYFUNCTION("""COMPUTED_VALUE"""),"ADR") -> ADR | E23: =IFERROR(__xludf.DUMMYFUNCTION("""COMPUTED_VALUE"""),"abdur.rahman@bracu.ac.bd") -> abdur.rahman@bracu.ac.bd | F23: =IFERROR(__xludf.DUMMYFUNCTION("""COMPUTED_VALUE"""),"ADR") -> ADR | I23: =IFERROR(__xludf.DUMMYFUNCTION("""COMPUTED_VALUE"""),"abdur.rahman@bracu.ac.bd") -> abdur.rahman@bracu.ac.bd
A24: =IFERROR(__xludf.DUMMYFUNCTION("""COMPUTED_VALUE"""),"CSE419") -> CSE419 | B24: =IFERROR(__xludf.DUMMYFUNCTION("""COMPUTED_VALUE"""),"KKP") -> KKP | E24: =IFERROR(__xludf.DUMMYFUNCTION("""COMPUTED_VALUE"""),"kabbya.kantam@bracu.ac.bd") -> kabbya.kantam@bracu.ac.bd | F24: =IFERROR(__xludf.DUMMYFUNCTION("""COMPUTED_VALUE"""),"ARD") -> ARD | I24: =IFERROR(__xludf.DUMMYFUNCTION("""COMPUTED_VALUE"""),"ayman.rasheed@bracu.ac.bd") -> ayman.rasheed@bracu.ac.bd
A25: =IFERROR(__xludf.DUMMYFUNCTION("""COMPUTED_VALUE"""),"CSE420") -> CSE420 | B25: =IFERROR(__xludf.DUMMYFUNCTION("""COMPUTED_VALUE"""),"MNY") -> MNY | C25: =IFERROR(__xludf.DUMMYFUNCTION("""COMPUTED_VALUE"""),"SUE") -> SUE | E25: =IFERROR(__xludf.DUMMYFUNCTION("""COMPUTED_VALUE"""),"nur.yanhaona@bracu.ac.bd,sukarna.sarkar@bracu.ac.bd") -> nur.yanhaona@bracu.ac.bd,sukarna.sarkar@bracu.ac.bd | F25: =IFERROR(__xludf.DUMMYFUNCTION("""COMPUTED_VALUE"""),"SUE") -> SUE | G25: =IFERROR(__xludf.DUMMYFUNCTION("""COMPUTED_VALUE"""),"MNY") -> MNY | I25: =IFERROR(__xludf.DUMMYFUNCTION("""COMPUTED_VALUE"""),"sukarna.sarkar@bracu.ac.bd,nur.yanhaona@bracu.ac.bd") -> sukarna.sarkar@bracu.ac.bd,nur.yanhaona@bracu.ac.bd
A26: =IFERROR(__xludf.DUMMYFUNCTION("""COMPUTED_VALUE"""),"CSE421") -> CSE421 | B26: =IFERROR(__xludf.DUMMYFUNCTION("""COMPUTED_VALUE"""),"MSMA") -> MSMA | C26: =IFERROR(__xludf.DUMMYFUNCTION("""COMPUTED_VALUE"""),"NDT") -> NDT | E26: =IFERROR(__xludf.DUMMYFUNCTION("""COMPUTED_VALUE"""),"shamim.mia@bracu.ac.bd,nirjhor.datta@bracu.ac.bd") -> shamim.mia@bracu.ac.bd,nirjhor.datta@bracu.ac.bd | F26: =IFERROR(__xludf.DUMMYFUNCTION("""COMPUTED_VALUE"""),"SRJ") -> SRJ | G26: =IFERROR(__xludf.DUMMYFUNCTION("""COMPUTED_VALUE"""),"MSMA") -> MSMA | I26: =IFERROR(__xludf.DUMMYFUNCTION("""COMPUTED_VALUE"""),"seraj.mehnaz@bracu.ac.bd,shamim.mia@bracu.ac.bd") -> seraj.mehnaz@bracu.ac.bd,shamim.mia@bracu.ac.bd
A27: =IFERROR(__xludf.DUMMYFUNCTION("""COMPUTED_VALUE"""),"CSE422") -> CSE422 | B27: =IFERROR(__xludf.DUMMYFUNCTION("""COMPUTED_VALUE"""),"TRZ") -> TRZ | E27: =IFERROR(__xludf.DUMMYFUNCTION("""COMPUTED_VALUE"""),"tanzim.reza@bracu.ac.bd") -> tanzim.reza@bracu.ac.bd | F27: =IFERROR(__xludf.DUMMYFUNCTION("""COMPUTED_VALUE"""),"ZHS") -> ZHS | I27: =IFERROR(__xludf.DUMMYFUNCTION("""COMPUTED_VALUE"""),"shoumo.hasan@bracu.ac.bd") -> shoumo.hasan@bracu.ac.bd
A28: =IFERROR(__xludf.DUMMYFUNCTION("""COMPUTED_VALUE"""),"CSE423") -> CSE423 | B28: =IFERROR(__xludf.DUMMYFUNCTION("""COMPUTED_VALUE"""),"TMD") -> TMD | C28: =IFERROR(__xludf.DUMMYFUNCTION("""COMPUTED_VALUE"""),"SMUR") -> SMUR | E28: =IFERROR(__xludf.DUMMYFUNCTION("""COMPUTED_VALUE"""),"tamkin.mahmud@bracu.ac.bd,rahman.samiur@bracu.ac.bd") -> tamkin.mahmud@bracu.ac.bd,rahman.samiur@bracu.ac.bd | F28: =IFERROR(__xludf.DUMMYFUNCTION("""COMPUTED_VALUE"""),"AJA") -> AJA | G28: =IFERROR(__xludf.DUMMYFUNCTION("""COMPUTED_VALUE"""),"SRU") -> SRU | I28: =IFERROR(__xludf.DUMMYFUNCTION("""COMPUTED_VALUE"""),"abid.jahan@bracu.ac.bd,shakir.rouf@bracu.ac.bd") -> abid.jahan@bracu.ac.bd,shakir.rouf@bracu.ac.bd
A29: =IFERROR(__xludf.DUMMYFUNCTION("""COMPUTED_VALUE"""),"CSE424") -> CSE424 | B29: =IFERROR(__xludf.DUMMYFUNCTION("""COMPUTED_VALUE"""),"AAR") -> AAR | E29: =IFERROR(__xludf.DUMMYFUNCTION("""COMPUTED_VALUE"""),"annajiat@bracu.ac.bd") -> annajiat@bracu.ac.bd | F29: =IFERROR(__xludf.DUMMYFUNCTION("""COMPUTED_VALUE"""),"AAR") -> AAR | I29: =IFERROR(__xludf.DUMMYFUNCTION("""COMPUTED_VALUE"""),"annajiat@bracu.ac.bd") -> annajiat@bracu.ac.bd
A30: =IFERROR(__xludf.DUMMYFUNCTION("""COMPUTED_VALUE"""),"CSE425") -> CSE425 | B30: =IFERROR(__xludf.DUMMYFUNCTION("""COMPUTED_VALUE"""),"MMM") -> MMM | E30: =IFERROR(__xludf.DUMMYFUNCTION("""COMPUTED_VALUE"""),"mostakim@bracu.ac.bd") -> mostakim@bracu.ac.bd | I30: =IFERROR(__xludf.DUMMYFUNCTION("""COMPUTED_VALUE"""),"")
A31: =IFERROR(__xludf.DUMMYFUNCTION("""COMPUTED_VALUE"""),"CSE426") -> CSE426 | B31: =IFERROR(__xludf.DUMMYFUNCTION("""COMPUTED_VALUE"""),"TSM") -> TSM | E31: =IFERROR(__xludf.DUMMYFUNCTION("""COMPUTED_VALUE"""),"mirza.mugdho@bracu.ac.bd") -> mirza.mugdho@bracu.ac.bd | I31: =IFERROR(__xludf.DUMMYFUNCTION("""COMPUTED_VALUE"""),"")
A32: =IFERROR(__xludf.DUMMYFUNCTION("""COMPUTED_VALUE"""),"CSE427") -> CSE427 | B32: =IFERROR(__xludf.DUMMYFUNCTION("""COMPUTED_VALUE"""),"CMR") -> CMR | C32: =IFERROR(__xludf.DUMMYFUNCTION("""COMPUTED_VALUE"""),"DFD") -> DFD | E32: =IFERROR(__xludf.DUMMYFUNCTION("""COMPUTED_VALUE"""),"rahman.mofizur@bracu.ac.bd,fabian.dofadar@bracu.ac.bd") -> rahman.mofizur@bracu.ac.bd,fabian.dofadar@bracu.ac.bd | F32: =IFERROR(__xludf.DUMMYFUNCTION("""COMPUTED_VALUE"""),"DFD") -> DFD | G32: =IFERROR(__xludf.DUMMYFUNCTION("""COMPUTED_VALUE"""),"QUZA") -> QUZA | I32: =IFERROR(__xludf.DUMMYFUNCTION("""COMPUTED_VALUE"""),"fabian.dofadar@bracu.ac.bd,quazi.ashikur@bracu.ac.bd") -> fabian.dofadar@bracu.ac.bd,quazi.ashikur@bracu.ac.bd
A33: =IFERROR(__xludf.DUMMYFUNCTION("""COMPUTED_VALUE"""),"CSE428") -> CSE428 | B33: =IFERROR(__xludf.DUMMYFUNCTION("""COMPUTED_VALUE"""),"SDQ") -> SDQ | E33: =IFERROR(__xludf.DUMMYFUNCTION("""COMPUTED_VALUE"""),"saiful.bari@bracu.ac.bd") -> saiful.bari@bracu.ac.bd | F33: =IFERROR(__xludf.DUMMYFUNCTION("""COMPUTED_VALUE"""),"EHQ") -> EHQ | I33: =IFERROR(__xludf.DUMMYFUNCTION("""COMPUTED_VALUE"""),"ehtashamul.haque@bracu.ac.bd") -> ehtashamul.haque@bracu.ac.bd
A34: =IFERROR(__xludf.DUMMYFUNCTION("""COMPUTED_VALUE"""),"CSE430") -> CSE430 | B34: =IFERROR(__xludf.DUMMYFUNCTION("""COMPUTED_VALUE"""),"EHQ") -> EHQ | E34: =IFERROR(__xludf.DUMMYFUNCTION("""COMPUTED_VALUE"""),"ehtashamul.haque@bracu.ac.bd") -> ehtashamul.haque@bracu.ac.bd | F34: =IFERROR(__xludf.DUMMYFUNCTION("""COMPUTED_VALUE"""),"TAV") -> TAV | I34: =IFERROR(__xludf.DUMMYFUNCTION("""COMPUTED_VALUE"""),"tarvir.anjum@bracu.ac.bd") -> tarvir.anjum@bracu.ac.bd
A35: =IFERROR(__xludf.DUMMYFUNCTION("""COMPUTED_VALUE"""),"CSE437") -> CSE437 | B35: =IFERROR(__xludf.DUMMYFUNCTION("""COMPUTED_VALUE"""),"GRA") -> GRA | E35: =IFERROR(__xludf.DUMMYFUNCTION("""COMPUTED_VALUE"""),"rabiul.alam@bracu.ac.bd") -> rabiul.alam@bracu.ac.bd | I35: =IFERROR(__xludf.DUMMYFUNCTION("""COMPUTED_VALUE"""),"")
A36: =IFERROR(__xludf.DUMMYFUNCTION("""COMPUTED_VALUE"""),"CSE440") -> CSE440 | B36: =IFERROR(__xludf.DUMMYFUNCTION("""COMPUTED_VALUE"""),"FYS") -> FYS | E36: =IFERROR(__xludf.DUMMYFUNCTION("""COMPUTED_VALUE"""),"farig.sadeque@bracu.ac.bd") -> farig.sadeque@bracu.ac.bd | I36: =IFERROR(__xludf.DUMMYFUNCTION("""COMPUTED_VALUE"""),"")
A37: =IFERROR(__xludf.DUMMYFUNCTION("""COMPUTED_VALUE"""),"CSE443") -> CSE443 | B37: =IFERROR(__xludf.DUMMYFUNCTION("""COMPUTED_VALUE"""),"SWK") -> SWK | E37: =IFERROR(__xludf.DUMMYFUNCTION("""COMPUTED_VALUE"""),"swakkhar.shatabda@bracu.ac.bd") -> swakkhar.shatabda@bracu.ac.bd
A38: =IFERROR(__xludf.DUMMYFUNCTION("""COMPUTED_VALUE"""),"CSE446") -> CSE446 | B38: =IFERROR(__xludf.DUMMYFUNCTION("""COMPUTED_VALUE"""),"SDF") -> SDF | E38: =IFERROR(__xludf.DUMMYFUNCTION("""COMPUTED_VALUE"""),"sadek.ferdous@bracu.ac.bd") -> sadek.ferdous@bracu.ac.bd | F38: =IFERROR(__xludf.DUMMYFUNCTION("""COMPUTED_VALUE"""),"SDF") -> SDF | I38: =IFERROR(__xludf.DUMMYFUNCTION("""COMPUTED_VALUE"""),"sadek.ferdous@bracu.ac.bd") -> sadek.ferdous@bracu.ac.bd
A39: =IFERROR(__xludf.DUMMYFUNCTION("""COMPUTED_VALUE"""),"CSE447") -> CSE447 | B39: =IFERROR(__xludf.DUMMYFUNCTION("""COMPUTED_VALUE"""),"MIH") -> MIH | E39: =IFERROR(__xludf.DUMMYFUNCTION("""COMPUTED_VALUE"""),"iqbal.hossain@bracu.ac.bd") -> iqbal.hossain@bracu.ac.bd | F39: =IFERROR(__xludf.DUMMYFUNCTION("""COMPUTED_VALUE"""),"MIH") -> MIH | I39: =IFERROR(__xludf.DUMMYFUNCTION("""COMPUTED_VALUE"""),"iqbal.hossain@bracu.ac.bd") -> iqbal.hossain@bracu.ac.bd
A40: =IFERROR(__xludf.DUMMYFUNCTION("""COMPUTED_VALUE"""),"CSE449") -> CSE449 | B40: =IFERROR(__xludf.DUMMYFUNCTION("""COMPUTED_VALUE"""),"AAR") -> AAR | E40: =IFERROR(__xludf.DUMMYFUNCTION("""COMPUTED_VALUE"""),"annajiat@bracu.ac.bd") -> annajiat@bracu.ac.bd | I40: =IFERROR(__xludf.DUMMYFUNCTION("""COMPUTED_VALUE"""),"")
A41: =IFERROR(__xludf.DUMMYFUNCTION("""COMPUTED_VALUE"""),"CSE460") -> CSE460 | B41: =IFERROR(__xludf.DUMMYFUNCTION("""COMPUTED_VALUE"""),"SDU") -> SDU | E41: =IFERROR(__xludf.DUMMYFUNCTION("""COMPUTED_VALUE"""),"shomen.kundu@bracu.ac.bd") -> shomen.kundu@bracu.ac.bd | F41: =IFERROR(__xludf.DUMMYFUNCTION("""COMPUTED_VALUE"""),"THL") -> THL | I41: =IFERROR(__xludf.DUMMYFUNCTION("""COMPUTED_VALUE"""),"tahsin.alam@bracu.ac.bd") -> tahsin.alam@bracu.ac.bd
A42: =IFERROR(__xludf.DUMMYFUNCTION("""COMPUTED_VALUE"""),"CSE461") -> CSE461 | B42: =IFERROR(__xludf.DUMMYFUNCTION("""COMPUTED_VALUE"""),"KHR") -> KHR | E42: =IFERROR(__xludf.DUMMYFUNCTION("""COMPUTED_VALUE"""),"khalilur@bracu.ac.bd") -> khalilur@bracu.ac.bd | F42: =IFERROR(__xludf.DUMMYFUNCTION("""COMPUTED_VALUE"""),"RDW") -> RDW | G42: =IFERROR(__xludf.DUMMYFUNCTION("""COMPUTED_VALUE"""),"RFF") -> RFF | I42: =IFERROR(__xludf.DUMMYFUNCTION("""COMPUTED_VALUE"""),"redowanul.akbar@bracu.ac.bd,rafid.ahnaf@bracu.ac.bd") -> redowanul.akbar@bracu.ac.bd,rafid.ahnaf@bracu.ac.bd
A43: =IFERROR(__xludf.DUMMYFUNCTION("""COMPUTED_VALUE"""),"CSE463") -> CSE463 | B43: =IFERROR(__xludf.DUMMYFUNCTION("""COMPUTED_VALUE"""),"ASA") -> ASA | E43: =IFERROR(__xludf.DUMMYFUNCTION("""COMPUTED_VALUE"""),"ashraful.alam@bracu.ac.bd") -> ashraful.alam@bracu.ac.bd | F43: =IFERROR(__xludf.DUMMYFUNCTION("""COMPUTED_VALUE"""),"ASA") -> ASA | I43: =IFERROR(__xludf.DUMMYFUNCTION("""COMPUTED_VALUE"""),"ashraful.alam@bracu.ac.bd") -> ashraful.alam@bracu.ac.bd
A44: =IFERROR(__xludf.DUMMYFUNCTION("""COMPUTED_VALUE"""),"CSE470") -> CSE470 | B44: =IFERROR(__xludf.DUMMYFUNCTION("""COMPUTED_VALUE"""),"SHRR") -> SHRR | C44: =IFERROR(__xludf.DUMMYFUNCTION("""COMPUTED_VALUE"""),"ART") -> ART | E44: =IFERROR(__xludf.DUMMYFUNCTION("""COMPUTED_VALUE"""),"shahriar.rahman@bracu.ac.bd,atanu.roy@bracu.ac.bd") -> shahriar.rahman@bracu.ac.bd,atanu.roy@bracu.ac.bd | I44: =IFERROR(__xludf.DUMMYFUNCTION("""COMPUTED_VALUE"""),"")
A45: =IFERROR(__xludf.DUMMYFUNCTION("""COMPUTED_VALUE"""),"CSE471") -> CSE471 | B45: =IFERROR(__xludf.DUMMYFUNCTION("""COMPUTED_VALUE"""),"MIH") -> MIH | E45: =IFERROR(__xludf.DUMMYFUNCTION("""COMPUTED_VALUE"""),"iqbal.hossain@bracu.ac.bd") -> iqbal.hossain@bracu.ac.bd | F45: =IFERROR(__xludf.DUMMYFUNCTION("""COMPUTED_VALUE"""),"AQU") -> AQU | I45: =IFERROR(__xludf.DUMMYFUNCTION("""COMPUTED_VALUE"""),"aquib.azmain@bracu.ac.bd") -> aquib.azmain@bracu.ac.bd
A46: =IFERROR(__xludf.DUMMYFUNCTION("""COMPUTED_VALUE"""),"CSE472") -> CSE472 | B46: =IFERROR(__xludf.DUMMYFUNCTION("""COMPUTED_VALUE"""),"FDC") -> FDC | E46: =IFERROR(__xludf.DUMMYFUNCTION("""COMPUTED_VALUE"""),"farida.chowdhury@bracu.ac.bd") -> farida.chowdhury@bracu.ac.bd | I46: =IFERROR(__xludf.DUMMYFUNCTION("""COMPUTED_VALUE"""),"")
A47: =IFERROR(__xludf.DUMMYFUNCTION("""COMPUTED_VALUE"""),"CSE474") -> CSE474 | B47: =IFERROR(__xludf.DUMMYFUNCTION("""COMPUTED_VALUE"""),"AAR") -> AAR | E47: =IFERROR(__xludf.DUMMYFUNCTION("""COMPUTED_VALUE"""),"annajiat@bracu.ac.bd") -> annajiat@bracu.ac.bd | F47: =IFERROR(__xludf.DUMMYFUNCTION("""COMPUTED_VALUE"""),"AAR") -> AAR | I47: =IFERROR(__xludf.DUMMYFUNCTION("""COMPUTED_VALUE"""),"annajiat@bracu.ac.bd") -> annajiat@bracu.ac.bd
A48: =IFERROR(__xludf.DUMMYFUNCTION("""COMPUTED_VALUE"""),"CSE481") -> CSE481 | B48: =IFERROR(__xludf.DUMMYFUNCTION("""COMPUTED_VALUE"""),"SDS") -> SDS | E48: =IFERROR(__xludf.DUMMYFUNCTION("""COMPUTED_VALUE"""),"shadman.shahriar@bracu.ac.bd") -> shadman.shahriar@bracu.ac.bd | F48: =IFERROR(__xludf.DUMMYFUNCTION("""COMPUTED_VALUE"""),"SDS") -> SDS | I48: =IFERROR(__xludf.DUMMYFUNCTION("""COMPUTED_VALUE"""),"shadman.shahriar@bracu.ac.bd") -> shadman.shahriar@bracu.ac.bd
A49: =IFERROR(__xludf.DUMMYFUNCTION("""COMPUTED_VALUE"""),"CSE482") -> CSE482 | B49: =IFERROR(__xludf.DUMMYFUNCTION("""COMPUTED_VALUE"""),"SDS") -> SDS | E49: =IFERROR(__xludf.DUMMYFUNCTION("""COMPUTED_VALUE"""),"shadman.shahriar@bracu.ac.bd") -> shadman.shahriar@bracu.ac.bd | F49: =IFERROR(__xludf.DUMMYFUNCTION("""COMPUTED_VALUE"""),"SDS") -> SDS | I49: =IFERROR(__xludf.DUMMYFUNCTION("""COMPUTED_VALUE"""),"shadman.shahriar@bracu.ac.bd") -> shadman.shahriar@bracu.ac.bd
A50: =IFERROR(__xludf.DUMMYFUNCTION("""COMPUTED_VALUE"""),"CSE489") -> CSE489 | B50: =IFERROR(__xludf.DUMMYFUNCTION("""COMPUTED_VALUE"""),"ADR") -> ADR | E50: =IFERROR(__xludf.DUMMYFUNCTION("""COMPUTED_VALUE"""),"abdur.rahman@bracu.ac.bd") -> abdur.rahman@bracu.ac.bd | F50: =IFERROR(__xludf.DUMMYFUNCTION("""COMPUTED_VALUE"""),"ADR") -> ADR | I50: =IFERROR(__xludf.DUMMYFUNCTION("""COMPUTED_VALUE"""),"abdur.rahman@bracu.ac.bd") -> abdur.rahman@bracu.ac.bd
A51: =IFERROR(__xludf.DUMMYFUNCTION("""COMPUTED_VALUE"""),"CSE490B") -> CSE490B | B51: =IFERROR(__xludf.DUMMYFUNCTION("""COMPUTED_VALUE"""),"TLQ") -> TLQ | E51: =IFERROR(__xludf.DUMMYFUNCTION("""COMPUTED_VALUE"""),"taiabul.haque@bracu.ac.bd") -> taiabul.haque@bracu.ac.bd | I51: =IFERROR(__xludf.DUMMYFUNCTION("""COMPUTED_VALUE"""),"")
A52: =IFERROR(__xludf.DUMMYFUNCTION("""COMPUTED_VALUE"""),"CSE490C") -> CSE490C | B52: =IFERROR(__xludf.DUMMYFUNCTION("""COMPUTED_VALUE"""),"SDAS") -> SDAS | E52: =IFERROR(__xludf.DUMMYFUNCTION("""COMPUTED_VALUE"""),"sowmitra.das@bracu.ac.bd") -> sowmitra.das@bracu.ac.bd | I52: =IFERROR(__xludf.DUMMYFUNCTION("""COMPUTED_VALUE"""),"")
A53: =IFERROR(__xludf.DUMMYFUNCTION("""COMPUTED_VALUE"""),"CSE490D") -> CSE490D | B53: =IFERROR(__xludf.DUMMYFUNCTION("""COMPUTED_VALUE"""),"TAV") -> TAV | E53: =IFERROR(__xludf.DUMMYFUNCTION("""COMPUTED_VALUE"""),"tarvir.anjum@bracu.ac.bd") -> tarvir.anjum@bracu.ac.bd | I53: =IFERROR(__xludf.DUMMYFUNCTION("""COMPUTED_VALUE"""),"")
I54: =IFERROR(__xludf.DUMMYFUNCTION("""COMPUTED_VALUE"""),"")
I55: =IFERROR(__xludf.DUMMYFUNCTION("""COMPUTED_VALUE"""),"")
I56: =IFERROR(__xludf.DUMMYFUNCTION("""COMPUTED_VALUE"""),"")
I57: =IFERROR(__xludf.DUMMYFUNCTION("""COMPUTED_VALUE"""),"")
I58: =IFERROR(__xludf.DUMMYFUNCTION("""COMPUTED_VALUE"""),"")
I59: =IFERROR(__xludf.DUMMYFUNCTION("""COMPUTED_VALUE"""),"")
I60: =IFERROR(__xludf.DUMMYFUNCTION("""COMPUTED_VALUE"""),"")
I61: =IFERROR(__xludf.DUMMYFUNCTION("""COMPUTED_VALUE"""),"")
I62: =IFERROR(__xludf.DUMMYFUNCTION("""COMPUTED_VALUE"""),"")
I63: =IFERROR(__xludf.DUMMYFUNCTION("""COMPUTED_VALUE"""),"")
I64: =IFERROR(__xludf.DUMMYFUNCTION("""COMPUTED_VALUE"""),"")
I66: =IFERROR(__xludf.DUMMYFUNCTION("""COMPUTED_VALUE"""),"")
... I69: =IFERROR(__xludf.DUMMYFUNCTION("""COMPUTED_VALUE"""),"")
E70: =IFERROR(__xludf.DUMMYFUNCTION("""COMPUTED_VALUE"""),"") | I70: =IFERROR(__xludf.DUMMYFUNCTION("""COMPUTED_VALUE"""),"")
E71: =IFERROR(__xludf.DUMMYFUNCTION("""COMPUTED_VALUE"""),"") | I71: =IFERROR(__xludf.DUMMYFUNCTION("""COMPUTED_VALUE"""),"")
E72: =IFERROR(__xludf.DUMMYFUNCTION("""COMPUTED_VALUE"""),"") | I72: =IFERROR(__xludf.DUMMYFUNCTION("""COMPUTED_VALUE"""),"")
E73: =IFERROR(__xludf.DUMMYFUNCTION("""COMPUTED_VALUE"""),"") | I73: =IFERROR(__xludf.DUMMYFUNCTION("""COMPUTED_VALUE"""),"")
E74: =IFERROR(__xludf.DUMMYFUNCTION("""COMPUTED_VALUE"""),"") | I74: =IFERROR(__xludf.DUMMYFUNCTION("""COMPUTED_VALUE"""),"")
E75: =IFERROR(__xludf.DUMMYFUNCTION("""COMPUTED_VALUE"""),"") | I75: =IFERROR(__xludf.DUMMYFUNCTION("""COMPUTED_VALUE"""),"")
E76: =IFERROR(__xludf.DUMMYFUNCTION("""COMPUTED_VALUE"""),"") | I76: =IFERROR(__xludf.DUMMYFUNCTION("""COMPUTED_VALUE"""),"")
E77: =IFERROR(__xludf.DUMMYFUNCTION("""COMPUTED_VALUE"""),"") | I77: =IFERROR(__xludf.DUMMYFUNCTION("""COMPUTED_VALUE"""),"")
E78: =IFERROR(__xludf.DUMMYFUNCTION("""COMPUTED_VALUE"""),"") | I78: =IFERROR(__xludf.DUMMYFUNCTION("""COMPUTED_VALUE"""),"")
E79: =IFERROR(__xludf.DUMMYFUNCTION("""COMPUTED_VALUE"""),"") | I79: =IFERROR(__xludf.DUMMYFUNCTION("""COMPUTED_VALUE"""),"")
E80: =IFERROR(__xludf.DUMMYFUNCTION("""COMPUTED_VALUE"""),"") | I80: =IFERROR(__xludf.DUMMYFUNCTION("""COMPUTED_VALUE"""),"")
E81: =IFERROR(__xludf.DUMMYFUNCTION("""COMPUTED_VALUE"""),"") | I81: =IFERROR(__xludf.DUMMYFUNCTION("""COMPUTED_VALUE"""),"")
... E175: =IFERROR(__xludf.DUMMYFUNCTION("""COMPUTED_VALUE"""),"") | I175: =IFERROR(__xludf.DUMMYFUNCTION("""COMPUTED_VALUE"""),"")

Sheet ExamDates
A1: =IFERROR(__xludf.DUMMYFUNCTION("IMPORTRANGE(""https://docs.google.com/spreadsheets/d/1sNEolJkjlAHcD8Y650CWV4VZ-FN5rvKhkbywyOifCBo/edit#gid=1712324555"", ""ExamDates!A1:D50"")"),"#REF!") -> #REF!

Sheet Template
A1: NOTE: Please drag and select cells A2 to J17 (the red line area) to print / export to PDF On the printing menu (first option), select "Selected cells". Scroll down to Row 19 and onwards to add your consultation hours
B2: BRAC University
B3: Consultation Hour Planner
C4: Faculty: | D4: =VLOOKUP(G4,FacultyList!B:C,2,FALSE) -> Mr. Arif Shakil | F4: Initial | G4: ARF
C5: Programme: | D5: CSE | F5: Semester: | G5: Spring 2026
C6: Email: | D6: =VLOOKUP(G4,FacultyList!B:G,6,FALSE) -> arif.shakil@bracu.ac.bd | F6: =IFERROR(__xludf.DUMMYFUNCTION("IF(REGEXMATCH(G6,""G""),""Room:"",""Seat:"")"),"Room:") -> Room: | G6: =VLOOKUP(G4,FacultyList!B:F,5,FALSE) -> 4G03
A8: =IFERROR(__xludf.DUMMYFUNCTION("IMPORTRANGE(Links!B12,G4&""!A8:K17"")"),"") | B8: =IFERROR(__xludf.DUMMYFUNCTION("""COMPUTED_VALUE"""),"8:00 AM") -> 8:00 AM | C8: =IFERROR(__xludf.DUMMYFUNCTION("""COMPUTED_VALUE"""),"9:30 AM") -> 9:30 AM | D8: =IFERROR(__xludf.DUMMYFUNCTION("""COMPUTED_VALUE"""),"11:00 AM") -> 11:00 AM | E8: =IFERROR(__xludf.DUMMYFUNCTION("""COMPUTED_VALUE"""),"12:30 PM") -> 12:30 PM | F8: =IFERROR(__xludf.DUMMYFUNCTION("""COMPUTED_VALUE"""),"2:00 PM") -> 2:00 PM | G8: =IFERROR(__xludf.DUMMYFUNCTION("""COMPUTED_VALUE"""),"3:30 PM") -> 3:30 PM | H8: =IFERROR(__xludf.DUMMYFUNCTION("""COMPUTED_VALUE"""),"5:00 PM") -> 5:00 PM | I8: =IFERROR(__xludf.DUMMYFUNCTION("""COMPUTED_VALUE"""),"6:00 PM") -> 6:00 PM | J8: =IFERROR(__xludf.DUMMYFUNCTION("""COMPUTED_VALUE"""),"7:30 PM") -> 7:30 PM | L8: =IFERROR(__xludf.DUMMYFUNCTION("IMPORTRANGE(""https://docs.google.com/spreadsheets/d/1GHCL_y0g6w1eae9xNFZ7yvGCHzWxeDosbJfA-K-gooI/edit#gid=685295074"",G4&""!J20:J27"")"),"#REF!") -> #REF!
A9: =IFERROR(__xludf.DUMMYFUNCTION("""COMPUTED_VALUE"""),"Saturday") -> Saturday | B9: =IFERROR(__xludf.DUMMYFUNCTION("""COMPUTED_VALUE"""),"") | C9: =IFERROR(__xludf.DUMMYFUNCTION("""COMPUTED_VALUE"""),"") | D9: =IFERROR(__xludf.DUMMYFUNCTION("""COMPUTED_VALUE"""),"") | E9: =IFERROR(__xludf.DUMMYFUNCTION("""COMPUTED_VALUE"""),"") | F9: =IFERROR(__xludf.DUMMYFUNCTION("""COMPUTED_VALUE"""),"") | G9: =IFERROR(__xludf.DUMMYFUNCTION("""COMPUTED_VALUE"""),"") | H9: =IFERROR(__xludf.DUMMYFUNCTION("""COMPUTED_VALUE"""),"") | I9: =IFERROR(__xludf.DUMMYFUNCTION("""COMPUTED_VALUE"""),"") | J9: =IFERROR(__xludf.DUMMYFUNCTION("""COMPUTED_VALUE"""),"") | K9: =IFERROR(__xludf.DUMMYFUNCTION("""COMPUTED_VALUE"""),0.0) -> 0
A10: =IFERROR(__xludf.DUMMYFUNCTION("""COMPUTED_VALUE"""),"Sunday") -> Sunday | B10: =IFERROR(__xludf.DUMMYFUNCTION("""COMPUTED_VALUE"""),"") | C10: =IFERROR(__xludf.DUMMYFUNCTION("""COMPUTED_VALUE"""),"") | D10: =IFERROR(__xludf.DUMMYFUNCTION("""COMPUTED_VALUE"""),"") | E10: =IFERROR(__xludf.DUMMYFUNCTION("""COMPUTED_VALUE"""),"") | F10: =IFERROR(__xludf.DUMMYFUNCTION("""COMPUTED_VALUE"""),"") | G10: =IFERROR(__xludf.DUMMYFUNCTION("""COMPUTED_VALUE"""),"") | H10: =IFERROR(__xludf.DUMMYFUNCTION("""COMPUTED_VALUE"""),"") | I10: =IFERROR(__xludf.DUMMYFUNCTION("""COMPUTED_VALUE"""),"") | J10: =IFERROR(__xludf.DUMMYFUNCTION("""COMPUTED_VALUE"""),"") | K10: =IFERROR(__xludf.DUMMYFUNCTION("""COMPUTED_VALUE"""),0.0) -> 0
A11: =IFERROR(__xludf.DUMMYFUNCTION("""COMPUTED_VALUE"""),"Monday") -> Monday | B11: =IFERROR(__xludf.DUMMYFUNCTION("""COMPUTED_VALUE"""),"") | C11: =IFERROR(__xludf.DUMMYFUNCTION("""COMPUTED_VALUE"""),"") | D11: =IFERROR(__xludf.DUMMYFUNCTION("""COMPUTED_VALUE"""),"Consultation (from 12 Noon; If earlier, DM)") -> Consultation (from 12 Noon; If earlier, DM) | E11: =IFERROR(__xludf.DUMMYFUNCTION("""COMPUTED_VALUE"""),"CSE421-01 10A-04C") -> CSE421-01 10A-04C | F11: =IFERROR(__xludf.DUMMYFUNCTION("""COMPUTED_VALUE"""),"CSE421-02 10A-04C") -> CSE421-02 10A-04C | G11: =IFERROR(__xludf.DUMMYFUNCTION("""COMPUTED_VALUE"""),"Consultation") -> Consultation | H11: =IFERROR(__xludf.DUMMYFUNCTION("""COMPUTED_VALUE"""),"Consultation (by Appointment)") -> Consultation (by Appointment) | I11: =IFERROR(__xludf.DUMMYFUNCTION("""COMPUTED_VALUE"""),"") | J11: =IFERROR(__xludf.DUMMYFUNCTION("""COMPUTED_VALUE"""),"") | K11: =IFERROR(__xludf.DUMMYFUNCTION("""COMPUTED_VALUE"""),2.0) -> 2
A12: =IFERROR(__xludf.DUMMYFUNCTION("""COMPUTED_VALUE"""),"Tuesday") -> Tuesday | B12: =IFERROR(__xludf.DUMMYFUNCTION("""COMPUTED_VALUE"""),"") | C12: =IFERROR(__xludf.DUMMYFUNCTION("""COMPUTED_VALUE"""),"") | D12: =IFERROR(__xludf.DUMMYFUNCTION("""COMPUTED_VALUE"""),"") | E12: =IFERROR(__xludf.DUMMYFUNCTION("""COMPUTED_VALUE"""),"") | F12: =IFERROR(__xludf.DUMMYFUNCTION("""COMPUTED_VALUE"""),"") | G12: =IFERROR(__xludf.DUMMYFUNCTION("""COMPUTED_VALUE"""),"") | H12: =IFERROR(__xludf.DUMMYFUNCTION("""COMPUTED_VALUE"""),"") | I12: =IFERROR(__xludf.DUMMYFUNCTION("""COMPUTED_VALUE"""),"") | J12: =IFERROR(__xludf.DUMMYFUNCTION("""COMPUTED_VALUE"""),"") | K12: =IFERROR(__xludf.DUMMYFUNCTION("""COMPUTED_VALUE"""),0.0) -> 0
A13: =IFERROR(__xludf.DUMMYFUNCTION("""COMPUTED_VALUE"""),"Wednesday") -> Wednesday | B13: =IFERROR(__xludf.DUMMYFUNCTION("""COMPUTED_VALUE"""),"") | C13: =IFERROR(__xludf.DUMMYFUNCTION("""COMPUTED_VALUE"""),"") | D13: =IFERROR(__xludf.DUMMYFUNCTION("""COMPUTED_VALUE"""),"Consultation (from 12 Noon; If earlier, DM)") -> Consultation (from 12 Noon; If earlier, DM) | E13: =IFERROR(__xludf.DUMMYFUNCTION("""COMPUTED_VALUE"""),"CSE421-01 10A-04C") -> CSE421-01 10A-04C | F13: =IFERROR(__xludf.DUMMYFUNCTION("""COMPUTED_VALUE"""),"CSE421-02 10A-04C") -> CSE421-02 10A-04C | G13: =IFERROR(__xludf.DUMMYFUNCTION("""COMPUTED_VALUE"""),"Consultation") -> Consultation | H13: =IFERROR(__xludf.DUMMYFUNCTION("""COMPUTED_VALUE"""),"Consultation (by Appointment)") -> Consultation (by Appointment) | I13: =IFERROR(__xludf.DUMMYFUNCTION("""COMPUTED_VALUE"""),"") | J13: =IFERROR(__xludf.DUMMYFUNCTION("""COMPUTED_VALUE"""),"") | K13: =IFERROR(__xludf.DUMMYFUNCTION("""COMPUTED_VALUE"""),2.0) -> 2
A14: =IFERROR(__xludf.DUMMYFUNCTION("""COMPUTED_VALUE"""),"Thursday") -> Thursday | B14: =IFERROR(__xludf.DUMMYFUNCTION("""COMPUTED_VALUE"""),"") | C14: =IFERROR(__xludf.DUMMYFUNCTION("""COMPUTED_VALUE"""),"") | D14: =IFERROR(__xludf.DUMMYFUNCTION("""COMPUTED_VALUE"""),"") | E14: =IFERROR(__xludf.DUMMYFUNCTION("""COMPUTED_VALUE"""),"") | F14: =IFERROR(__xludf.DUMMYFUNCTION("""COMPUTED_VALUE"""),"") | G14: =IFERROR(__xludf.DUMMYFUNCTION("""COMPUTED_VALUE"""),"") | H14: =IFERROR(__xludf.DUMMYFUNCTION("""COMPUTED_VALUE"""),"") | I14: =IFERROR(__xludf.DUMMYFUNCTION("""COMPUTED_VALUE"""),"") | J14: =IFERROR(__xludf.DUMMYFUNCTION("""COMPUTED_VALUE"""),"") | K14: =IFERROR(__xludf.DUMMYFUNCTION("""COMPUTED_VALUE"""),0.0) -> 0
A15: =IFERROR(__xludf.DUMMYFUNCTION("""COMPUTED_VALUE"""),"Friday") -> Friday | B15: =IFERROR(__xludf.DUMMYFUNCTION("""COMPUTED_VALUE"""),"") | C15: =IFERROR(__xludf.DUMMYFUNCTION("""COMPUTED_VALUE"""),"") | D15: =IFERROR(__xludf.DUMMYFUNCTION("""COMPUTED_VALUE"""),"") | E15: =IFERROR(__xludf.DUMMYFUNCTION("""COMPUTED_VALUE"""),"") | F15: =IFERROR(__xludf.DUMMYFUNCTION("""COMPUTED_VALUE"""),"") | G15: =IFERROR(__xludf.DUMMYFUNCTION("""COMPUTED_VALUE"""),"") | H15: =IFERROR(__xludf.DUMMYFUNCTION("""COMPUTED_VALUE"""),"") | I15: =IFERROR(__xludf.DUMMYFUNCTION("""COMPUTED_VALUE"""),"") | J15: =IFERROR(__xludf.DUMMYFUNCTION("""COMPUTED_VALUE"""),"") | K15: =IFERROR(__xludf.DUMMYFUNCTION("""COMPUTED_VALUE"""),0.0) -> 0
A16: =IFERROR(__xludf.DUMMYFUNCTION("""COMPUTED_VALUE"""),"**Each slot is of 1 hour 20 minutes ") -> **Each slot is of 1 hour 20 minutes
A17: =IFERROR(__xludf.DUMMYFUNCTION("""COMPUTED_VALUE"""),"**You can come to 10A-4C in between my classes. At 5, you may find me on the 13th floor in the Sports Gym.") -> **You can come to 10A-4C in between my classes. At 5, you may find me on the 13th floor in the Sports Gym.

Sheet ID___
A1: AAR | B1: 1961467487
A2: ACH | B2: 1707772838
A3: ADU | B3: 1661698862
A4: AFA | B4: 1619451560
A5: AFQ | B5: 437001309
A6: AIB | B6: 634121312
A7: AJA | B7: 1172784048
A8: AKJ | B8: 1360445348
A9: AKTD | B9: 1916969275
A10: ALB | B10: 1216457952
A11: AMK | B11: 1309417001
A12: ANK | B12: 1859286232
... A264: KKS | B264: 1696135970

Sheet Links
A1: =IFERROR(__xludf.DUMMYFUNCTION("IMPORTRANGE(""https://docs.google.com/spreadsheets/d/1r2y83rVfaPr4LyN9DKL0EzpyDW1O70pr54trowPl9Cc/edit#gid=2136680741"",""Links_S26!A:B"")"),"Spring") -> Spring | B1: =IFERROR(__xludf.DUMMYFUNCTION("""COMPUTED_VALUE"""),2026.0) -> 2026
A2: =IFERROR(__xludf.DUMMYFUNCTION("""COMPUTED_VALUE"""),"Spring2026") -> Spring2026 | B2: =IFERROR(__xludf.DUMMYFUNCTION("""COMPUTED_VALUE"""),"S26") -> S26
A3: =IFERROR(__xludf.DUMMYFUNCTION("""COMPUTED_VALUE"""),"Class Room") -> Class Room | B3: =IFERROR(__xludf.DUMMYFUNCTION("""COMPUTED_VALUE"""),"https://docs.google.com/spreadsheets/d/1iCppLD-GrI1XOp_niPmB_0MLwoju698PmvUiEvvGEYM/edit?usp=drivesdk") -> https://docs.google.com/spreadsheets/d/1iCppLD-GrI1XOp_niPmB_0MLwoju698PmvUiEvvGEYM/edit?usp=drivesdk
A4: =IFERROR(__xludf.DUMMYFUNCTION("""COMPUTED_VALUE"""),"Faculty Contact") -> Faculty Contact | B4: =IFERROR(__xludf.DUMMYFUNCTION("""COMPUTED_VALUE"""),"https://docs.google.com/spreadsheets/d/1SuEMkbHknElA7RJfCzr-w8vM-qm1KDf2hFbF_KtAGgY/edit?gid=0#gid=0") -> https://docs.google.com/spreadsheets/d/1SuEMkbHknElA7RJfCzr-w8vM-qm1KDf2hFbF_KtAGgY/edit?gid=0#gid=0
A5: =IFERROR(__xludf.DUMMYFUNCTION("""COMPUTED_VALUE"""),"Per Course Data") -> Per Course Data | B5: =IFERROR(__xludf.DUMMYFUNCTION("""COMPUTED_VALUE"""),"https://docs.google.com/spreadsheets/d/1x4fOaAU5IIzLVLzBAHYePA8IgFfhTQq_4HKEnLNDRNc/edit?usp=drivesdk") -> https://docs.google.com/spreadsheets/d/1x4fOaAU5IIzLVLzBAHYePA8IgFfhTQq_4HKEnLNDRNc/edit?usp=drivesdk
A6: =IFERROR(__xludf.DUMMYFUNCTION("""COMPUTED_VALUE"""),"Routine Manager") -> Routine Manager | B6: =IFERROR(__xludf.DUMMYFUNCTION("""COMPUTED_VALUE"""),"https://docs.google.com/spreadsheets/d/1r2y83rVfaPr4LyN9DKL0EzpyDW1O70pr54trowPl9Cc/edit?gid=1424409450#gid=1424409450") -> https://docs.google.com/spreadsheets/d/1r2y83rVfaPr4LyN9DKL0EzpyDW1O70pr54trowPl9Cc/edit?gid=1424409450#gid=1424409450
A7: =IFERROR(__xludf.DUMMYFUNCTION("""COMPUTED_VALUE"""),"Proxy/Meta") -> Proxy/Meta | B7: =IFERROR(__xludf.DUMMYFUNCTION("""COMPUTED_VALUE"""),"https://docs.google.com/spreadsheets/d/18taRSsF79DxwpFdJF-X88hBWUI5brOA1ODZwl5m02as/edit?usp=drivesdk") -> https://docs.google.com/spreadsheets/d/18taRSsF79DxwpFdJF-X88hBWUI5brOA1ODZwl5m02as/edit?usp=drivesdk
A8: =IFERROR(__xludf.DUMMYFUNCTION("""COMPUTED_VALUE"""),"Load File") -> Load File | B8: =IFERROR(__xludf.DUMMYFUNCTION("""COMPUTED_VALUE"""),"https://docs.google.com/spreadsheets/d/1F82n5dmwfad3GXrmrLoAH7mJy83fSxCmdDEfA0nbn1o/edit?usp=drivesdk") -> https://docs.google.com/spreadsheets/d/1F82n5dmwfad3GXrmrLoAH7mJy83fSxCmdDEfA0nbn1o/edit?usp=drivesdk
A9: =IFERROR(__xludf.DUMMYFUNCTION("""COMPUTED_VALUE"""),"EEE File") -> EEE File
A10: =IFERROR(__xludf.DUMMYFUNCTION("""COMPUTED_VALUE"""),"Routine View") -> Routine View | B10: =IFERROR(__xludf.DUMMYFUNCTION("""COMPUTED_VALUE"""),"https://docs.google.com/spreadsheets/d/1iPrUDgZ4Ayf1xU-mcmYLk1YqnSD-2Y0zhPQaAGZIJc0/edit?usp=drivesdk") -> https://docs.google.com/spreadsheets/d/1iPrUDgZ4Ayf1xU-mcmYLk1YqnSD-2Y0zhPQaAGZIJc0/edit?usp=drivesdk
A11: =IFERROR(__xludf.DUMMYFUNCTION("""COMPUTED_VALUE"""),"Faculty Stats") -> Faculty Stats | B11: =IFERROR(__xludf.DUMMYFUNCTION("""COMPUTED_VALUE"""),"https://docs.google.com/spreadsheets/d/1fqVW09z3yx0_mBz4hByag55wEEknTUFSA40qusygFDQ/edit?usp=drivesdk") -> https://docs.google.com/spreadsheets/d/1fqVW09z3yx0_mBz4hByag55wEEknTUFSA40qusygFDQ/edit?usp=drivesdk
A12: =IFERROR(__xludf.DUMMYFUNCTION("""COMPUTED_VALUE"""),"Faculty Routine") -> Faculty Routine | B12: =IFERROR(__xludf.DUMMYFUNCTION("""COMPUTED_VALUE"""),"https://docs.google.com/spreadsheets/d/1kFB8emrTBqWDf_NPXYzunXZ-UvgbtwCPUKNVeXZiolY/edit?usp=sharing") -> https://docs.google.com/spreadsheets/d/1kFB8emrTBqWDf_NPXYzunXZ-UvgbtwCPUKNVeXZiolY/edit?usp=sharing
A13: =IFERROR(__xludf.DUMMYFUNCTION("""COMPUTED_VALUE"""),"Central OBE") -> Central OBE
A14: =IFERROR(__xludf.DUMMYFUNCTION("""COMPUTED_VALUE"""),"OBE Gradesheet Manager") -> OBE Gradesheet Manager
A15: =IFERROR(__xludf.DUMMYFUNCTION("""COMPUTED_VALUE"""),"Distribution Files") -> Distribution Files | B15: =IFERROR(__xludf.DUMMYFUNCTION("""COMPUTED_VALUE"""),"https://drive.google.com/drive/folders/1XDgy1uhT1E3jiUtsQHiUxRHADGVHjuS6") -> https://drive.google.com/drive/folders/1XDgy1uhT1E3jiUtsQHiUxRHADGVHjuS6
A16: =IFERROR(__xludf.DUMMYFUNCTION("""COMPUTED_VALUE"""),"Exams") -> Exams | B16: =IFERROR(__xludf.DUMMYFUNCTION("""COMPUTED_VALUE"""),"https://drive.google.com/drive/folders/1rwa8-dbqfD1LR-4nAHY5HNJpnMhQ1apP") -> https://drive.google.com/drive/folders/1rwa8-dbqfD1LR-4nAHY5HNJpnMhQ1apP
A17: =IFERROR(__xludf.DUMMYFUNCTION("""COMPUTED_VALUE"""),"Free Slot Finder") -> Free Slot Finder | B17: =IFERROR(__xludf.DUMMYFUNCTION("""COMPUTED_VALUE"""),"https://drive.google.com/drive/folders/1kkrYmW_cKCgVnpcBcWoI-KiF3FY2GZ7v") -> https://drive.google.com/drive/folders/1kkrYmW_cKCgVnpcBcWoI-KiF3FY2GZ7v
A18: =IFERROR(__xludf.DUMMYFUNCTION("""COMPUTED_VALUE"""),"Per Day Data") -> Per Day Data | B18: =IFERROR(__xludf.DUMMYFUNCTION("""COMPUTED_VALUE"""),"https://docs.google.com/spreadsheets/d/1gMDa9KMbcy6Kht9rZ0WzW1s7OJPHAkY1Ji6Ei7h9Hsg/edit?usp=drivesdk") -> https://docs.google.com/spreadsheets/d/1gMDa9KMbcy6Kht9rZ0WzW1s7OJPHAkY1Ji6Ei7h9Hsg/edit?usp=drivesdk
A19: =IFERROR(__xludf.DUMMYFUNCTION("""COMPUTED_VALUE"""),"Room Utilization") -> Room Utilization | B19: =IFERROR(__xludf.DUMMYFUNCTION("""COMPUTED_VALUE"""),"https://docs.google.com/spreadsheets/d/1Jjhkc6aJi31bLM5_yKHtFYFPrD7LoHHCPtgGCEKMYyE/edit?usp=drivesdk") -> https://docs.google.com/spreadsheets/d/1Jjhkc6aJi31bLM5_yKHtFYFPrD7LoHHCPtgGCEKMYyE/edit?usp=drivesdk
A20: =IFERROR(__xludf.DUMMYFUNCTION("""COMPUTED_VALUE"""),"Cross Checker") -> Cross Checker

Sheet AAF
A1: NOTE: Please drag and select cells A2 to J17 (the red line area) to print / export to PDF On the printing menu (first option), select "Selected cells". Scroll down to Row 19 and onwards to add your consultation hours
B2: BRAC University
B3: Consultation Hour Planner
C4: Faculty: | D4: =VLOOKUP(G4,FacultyList!B:C,2,FALSE) -> Anika Afrin | F4: Initial | G4: AAF
C5: Programme: | D5: CSE | F5: Semester: | G5: Spring 2026
C6: Email: | D6: =VLOOKUP(G4,FacultyList!B:G,6,FALSE) -> ext.anika.afrin@bracu.ac.bd | F6: =IFERROR(__xludf.DUMMYFUNCTION("IF(REGEXMATCH(G6,""G""),""Room:"",""Seat:"")"),"Seat:") -> Seat: | G6: =VLOOKUP(G4,FacultyList!B:F,5,FALSE) -> 4P
A8: =IFERROR(__xludf.DUMMYFUNCTION("IMPORTRANGE(Links!B12,G4&""!A8:K17"")"),"") | B8: =IFERROR(__xludf.DUMMYFUNCTION("""COMPUTED_VALUE"""),"8:00 AM") -> 8:00 AM | C8: =IFERROR(__xludf.DUMMYFUNCTION("""COMPUTED_VALUE"""),"9:30 AM") -> 9:30 AM | D8: =IFERROR(__xludf.DUMMYFUNCTION("""COMPUTED_VALUE"""),"11:00 AM") -> 11:00 AM | E8: =IFERROR(__xludf.DUMMYFUNCTION("""COMPUTED_VALUE"""),"12:30 PM") -> 12:30 PM | F8: =IFERROR(__xludf.DUMMYFUNCTION("""COMPUTED_VALUE"""),"2:00 PM") -> 2:00 PM | G8: =IFERROR(__xludf.DUMMYFUNCTION("""COMPUTED_VALUE"""),"3:30 PM") -> 3:30 PM | H8: =IFERROR(__xludf.DUMMYFUNCTION("""COMPUTED_VALUE"""),"5:00 PM") -> 5:00 PM | I8: =IFERROR(__xludf.DUMMYFUNCTION("""COMPUTED_VALUE"""),"6:00 PM") -> 6:00 PM | J8: =IFERROR(__xludf.DUMMYFUNCTION("""COMPUTED_VALUE"""),"7:30 PM") -> 7:30 PM | L8: =IFERROR(__xludf.DUMMYFUNCTION("IMPORTRANGE(""https://docs.google.com/spreadsheets/d/1GHCL_y0g6w1eae9xNFZ7yvGCHzWxeDosbJfA-K-gooI/edit#gid=685295074"",G4&""!J20:J27"")"),"#REF!") -> #REF!
A9: =IFERROR(__xludf.DUMMYFUNCTION("""COMPUTED_VALUE"""),"Saturday") -> Saturday | B9: =IFERROR(__xludf.DUMMYFUNCTION("""COMPUTED_VALUE"""),"CSE260-06B (LAB) THR,AAF FT10-03L") -> CSE260-06B (LAB) THR,AAF FT10-03L | C9: =IFERROR(__xludf.DUMMYFUNCTION("""COMPUTED_VALUE"""),"CSE260-06B (LAB) THR,AAF FT10-03L") -> CSE260-06B (LAB) THR,AAF FT10-03L | D9: =IFERROR(__xludf.DUMMYFUNCTION("""COMPUTED_VALUE"""),"CSE340-25 09A-03C") -> CSE340-25 09A-03C | E9: =IFERROR(__xludf.DUMMYFUNCTION("""COMPUTED_VALUE"""),"Consultation") -> Consultation | F9: =IFERROR(__xludf.DUMMYFUNCTION("""COMPUTED_VALUE"""),"CSE260-15B (LAB) AAF,NQM FT10-03L") -> CSE260-15B (LAB) AAF,NQM FT10-03L | G9: =IFERROR(__xludf.DUMMYFUNCTION("""COMPUTED_VALUE"""),"CSE260-15B (LAB) AAF,NQM FT10-03L") -> CSE260-15B (LAB) AAF,NQM FT10-03L | H9: =IFERROR(__xludf.DUMMYFUNCTION("""COMPUTED_VALUE"""),"") | I9: =IFERROR(__xludf.DUMMYFUNCTION("""COMPUTED_VALUE"""),"") | J9: =IFERROR(__xludf.DUMMYFUNCTION("""COMPUTED_VALUE"""),"") | K9: =IFERROR(__xludf.DUMMYFUNCTION("""COMPUTED_VALUE"""),5.0) -> 5
A10: =IFERROR(__xludf.DUMMYFUNCTION("""COMPUTED_VALUE"""),"Sunday") -> Sunday | B10: =IFERROR(__xludf.DUMMYFUNCTION("""COMPUTED_VALUE"""),"CSE330-16 (LAB) AAF,WLV 12F-30L") -> CSE330-16 (LAB) AAF,WLV 12F-30L | C10: =IFERROR(__xludf.DUMMYFUNCTION("""COMPUTED_VALUE"""),"CSE330-16 (LAB) AAF,WLV 12F-30L") -> CSE330-16 (LAB) AAF,WLV 12F-30L | D10: =IFERROR(__xludf.DUMMYFUNCTION("""COMPUTED_VALUE"""),"Consultation") -> Consultation | E10: =IFERROR(__xludf.DUMMYFUNCTION("""COMPUTED_VALUE"""),"Consultation") -> Consultation | F10: =IFERROR(__xludf.DUMMYFUNCTION("""COMPUTED_VALUE"""),"CSE260-27B (LAB) AAF,CAPN FT10-03L") -> CSE260-27B (LAB) AAF,CAPN FT10-03L | G10: =IFERROR(__xludf.DUMMYFUNCTION("""COMPUTED_VALUE"""),"CSE260-27B (LAB) AAF,CAPN FT10-03L") -> CSE260-27B (LAB) AAF,CAPN FT10-03L | H10: =IFERROR(__xludf.DUMMYFUNCTION("""COMPUTED_VALUE"""),"") | I10: =IFERROR(__xludf.DUMMYFUNCTION("""COMPUTED_VALUE"""),"") | J10: =IFERROR(__xludf.DUMMYFUNCTION("""COMPUTED_VALUE"""),"") | K10: =IFERROR(__xludf.DUMMYFUNCTION("""COMPUTED_VALUE"""),4.0) -> 4
A11: =IFERROR(__xludf.DUMMYFUNCTION("""COMPUTED_VALUE"""),"Monday") -> Monday | B11: =IFERROR(__xludf.DUMMYFUNCTION("""COMPUTED_VALUE"""),"CSE330-11 (LAB) ASRF,AAF 10G-34L") -> CSE330-11 (LAB) ASRF,AAF 10G-34L | C11: =IFERROR(__xludf.DUMMYFUNCTION("""COMPUTED_VALUE"""),"CSE330-11 (LAB) ASRF,AAF 10G-34L") -> CSE330-11 (LAB) ASRF,AAF 10G-34L | D11: =IFERROR(__xludf.DUMMYFUNCTION("""COMPUTED_VALUE"""),"") | E11: =IFERROR(__xludf.DUMMYFUNCTION("""COMPUTED_VALUE"""),"") | F11: =IFERROR(__xludf.DUMMYFUNCTION("""COMPUTED_VALUE"""),"") | G11: =IFERROR(__xludf.DUMMYFUNCTION("""COMPUTED_VALUE"""),"") | H11: =IFERROR(__xludf.DUMMYFUNCTION("""COMPUTED_VALUE"""),"") | I11: =IFERROR(__xludf.DUMMYFUNCTION("""COMPUTED_VALUE"""),"") | J11: =IFERROR(__xludf.DUMMYFUNCTION("""COMPUTED_VALUE"""),"") | K11: =IFERROR(__xludf.DUMMYFUNCTION("""COMPUTED_VALUE"""),2.0) -> 2
